Order ID,Order Date,Region,Product Category,Product Name,Quantity Sold,Unit Price,Profit Margin (%),Customer Age Group,Customer Gender,Total Sales,Profit
1,2024-11-24,North,Clothing,T-Shirt,8,162,24.72942428328025,35-44,Male,1296,320.49333871131205
2,2024-10-01,West,Clothing,T-Shirt,3,243,14.653217867814792,18-24,Male,729,106.82195825636984
3,2024-01-25,West,Clothing,Jeans,19,304,26.188609133556533,25-34,Female,5776,1512.6540635542253
4,2024-02-03,East,Electronics,Smartwatch,7,1000,25.269882580130478,35-44,Male,7000,1768.8917806091333
5,2024-02-13,East,Furniture,Sofa,2,767,19.18849759343685,35-44,Female,1534,294.3515530833213
6,2024-01-22,East,Electronics,Camera,19,216,24.091436724298468,55-64,Female,4104,988.7125631652092
7,2024-06-06,North,Electronics,Tablet,13,304,19.06820604736871,25-34,Male,3952,753.5755029920115
8,2024-12-08,South,Furniture,Chair,20,670,13.42277296396194,35-44,Male,13400,1798.6515771708998
9,2024-01-08,West,Electronics,Smartwatch,11,883,25.366271551847444,35-44,Male,9713,2463.8259558309423
10,2024-12-11,West,Electronics,Tablet,7,955,28.85819428670109,35-44,Male,6685,1929.170288065968
11,2024-09-18,West,Electronics,Smartwatch,9,162,14.932550153879669,45-54,Male,1458,217.71658124356557
12,2024-03-17,West,Furniture,Bed,12,244,29.94651555978322,55-64,Female,2928,876.8339755904526
13,2024-10-03,North,Furniture,Sofa,6,831,23.60962426992654,18-24,Male,4986,1177.1758660985374
14,2024-11-24,West,Furniture,Cabinet,18,901,28.848617227596197,55-64,Female,16218,4678.668741971551
15,2024-01-24,East,Electronics,Camera,10,465,13.163155086893394,35-44,Male,4650,612.0867115405429
16,2024-10-07,South,Clothing,Jacket,10,881,22.778989897320102,55-64,Male,8810,2006.829009953901
17,2024-02-12,South,Electronics,Tablet,20,351,19.77211416057896,55-64,Male,7020,1388.0024140726428
18,2024-02-25,North,Furniture,Table,3,769,19.719809266332277,25-34,Male,2307,454.9359997742856
19,2024-07-07,South,Clothing,Jeans,9,560,27.448660821705147,45-54,Male,5040,1383.4125054139395
20,2024-02-08,East,Clothing,Jeans,15,941,20.35151682071181,45-54,Female,14115,2872.6165992434726
21,2024-12-21,East,Electronics,Smartphone,19,245,10.14381677970187,18-24,Male,4655,472.19467109512203
22,2024-11-16,North,Electronics,Laptop,3,546,14.760092687379904,18-24,Female,1638,241.7703182192828
23,2024-07-07,South,Electronics,Camera,8,823,19.459458858891875,55-64,Female,6584,1281.210771269441
24,2024-01-22,West,Electronics,Smartphone,14,498,27.276734967392066,35-44,Female,6972,1901.733961926575
25,2024-09-15,North,Clothing,T-Shirt,4,274,13.83180144283308,45-54,Female,1096,151.59654381345058
26,2024-08-26,South,Electronics,Smartwatch,8,915,28.465311985520255,35-44,Female,7320,2083.6608373400827
27,2024-04-06,North,Clothing,T-Shirt,3,968,25.071310080393513,55-64,Male,2904,728.0708447346276
28,2024-07-09,West,Furniture,Cabinet,2,188,17.57946237953832,25-34,Female,376,66.09877854706409
29,2024-01-19,West,Furniture,Chair,5,214,15.934156509891285,55-64,Female,1070,170.49547465583674
30,2024-09-06,North,Clothing,Shirt,2,618,19.535770342178697,35-44,Male,1236,241.4621214293287
31,2024-04-13,North,Electronics,Camera,20,89,23.504251072081804,25-34,Male,1780,418.37566908305615
32,2024-10-19,South,Electronics,Camera,20,103,18.38449830671745,55-64,Male,2060,378.7206651183795
33,2024-11-21,East,Clothing,Jacket,8,291,17.91571693582509,25-34,Female,2328,417.077890266008
34,2024-02-03,East,Furniture,Cabinet,15,656,29.969088817088846,18-24,Male,9840,2948.958339601543
35,2024-05-06,East,Clothing,Jeans,3,920,14.885688330162628,25-34,Female,2760,410.84499791248857
36,2024-02-05,East,Furniture,Bed,18,326,28.635120788721547,55-64,Male,5868,1680.3088878821802
37,2024-12-11,North,Furniture,Sofa,9,308,22.09659654060448,55-64,Male,2772,612.5176561055562
38,2024-05-02,West,Electronics,Tablet,3,669,18.471515451274527,35-44,Male,2007,370.72331510707977
39,2024-09-01,South,Electronics,Tablet,15,584,24.113348935199816,35-44,Male,8760,2112.329366723504
40,2024-07-05,South,Electronics,Smartphone,12,616,21.050501934899952,55-64,Male,7392,1556.0531030278044
41,2024-02-12,East,Electronics,Tablet,7,718,14.990594784458489,18-24,Female,5026,753.4272938668837
42,2024-03-24,South,Clothing,Sweater,6,922,18.245888207075946,25-34,Male,5532,1009.3625356154413
43,2024-08-08,South,Furniture,Cabinet,4,411,27.443335658121796,35-44,Male,1644,451.1684382195224
44,2024-07-11,East,Electronics,Smartwatch,8,44,23.20066365497258,35-44,Male,352,81.66633606550349
45,2024-02-09,East,Furniture,Sofa,18,359,28.784742806494314,35-44,Female,6462,1860.0700801556627
46,2024-06-14,East,Electronics,Camera,20,464,16.913742233596004,18-24,Male,9280,1569.595279277709
47,2024-01-17,North,Clothing,Shirt,9,65,24.175705676683414,45-54,Male,585,141.42787820859797
48,2024-02-24,East,Clothing,Jeans,11,658,16.278312901167194,45-54,Male,7238,1178.2242877864815
49,2024-03-07,East,Furniture,Bed,13,733,15.91310405051894,45-54,Female,9529,1516.35968497395
50,2024-05-10,South,Furniture,Cabinet,13,581,26.67450338608115,55-64,Female,7553,2014.7252407507092
51,2024-08-26,East,Electronics,Smartwatch,15,711,14.274028019782005,45-54,Female,10665,1522.3250883097508
52,2024-04-22,North,Clothing,Jeans,3,858,29.039993249049505,35-44,Female,2574,747.4894262305343
53,2024-10-28,South,Furniture,Table,2,270,29.678720455637027,25-34,Male,540,160.26509046043995
54,2024-03-21,West,Electronics,Smartwatch,13,526,17.993057257530754,55-64,Male,6838,1230.365255269953
55,2024-09-15,North,Clothing,T-Shirt,6,843,29.159320845590795,45-54,Male,5058,1474.8784483699824
56,2024-09-18,South,Electronics,Camera,5,840,19.292864749964735,18-24,Female,4200,810.300319498519
57,2024-12-28,West,Clothing,Jacket,18,476,27.944162064665242,55-64,Female,8568,2394.255805700518
58,2024-05-15,East,Furniture,Cabinet,17,516,22.534968739635627,25-34,Female,8772,1976.7674578408373
59,2024-03-05,South,Electronics,Tablet,11,934,20.80304445036913,35-44,Female,10274,2137.304786830924
60,2024-08-14,South,Electronics,Smartwatch,14,437,16.61762782076167,25-34,Male,6118,1016.6664700741989
61,2024-06-10,West,Electronics,Laptop,19,409,19.53959465114714,45-54,Male,7771,1518.4219003406442
62,2024-07-11,South,Furniture,Cabinet,9,466,19.71283987597001,45-54,Male,4194,826.7565043981822
63,2024-07-19,South,Clothing,Sweater,20,566,10.539329038102753,45-54,Male,11320,1193.0520471132318
64,2024-07-11,North,Clothing,T-Shirt,15,206,11.00569266977255,45-54,Male,3090,340.0759034959718
65,2024-07-09,East,Electronics,Smartwatch,9,790,29.024082397211235,35-44,Female,7110,2063.612258441719
66,2024-11-02,North,Electronics,Smartwatch,12,249,23.002881864997498,55-64,Male,2988,687.3261101261253
67,2024-02-19,South,Electronics,Laptop,8,149,19.47122121892256,18-24,Male,1192,232.09695692955694
68,2024-12-04,East,Electronics,Smartwatch,20,641,29.274694882024175,35-44,Male,12820,3753.015883875499
69,2024-07-13,North,Electronics,Tablet,10,609,23.546945737008176,55-64,Male,6090,1434.008995383798
70,2024-11-20,North,Clothing,Jeans,4,733,25.44961769902448,55-64,Male,2932,746.1827909353977
71,2024-06-01,North,Electronics,Camera,12,90,20.119215793541557,35-44,Female,1080,217.2875305702488
72,2024-03-24,North,Furniture,Cabinet,15,744,13.059822981877199,45-54,Female,11160,1457.4762447774954
73,2024-04-27,West,Clothing,Jacket,19,294,16.446091659622365,45-54,Female,5586,918.6786801065053
74,2024-06-01,West,Electronics,Tablet,19,644,23.36376940890987,25-34,Female,12236,2858.7908248742115
75,2024-05-20,South,Furniture,Chair,12,836,15.16704817717356,45-54,Male,10032,1521.5582731340517
76,2024-08-18,North,Clothing,Jacket,3,267,24.401493282083884,55-64,Male,801,195.4559611894919
77,2024-12-08,West,Electronics,Smartwatch,3,321,14.431928009450603,45-54,Male,963,138.9794667310093
78,2024-06-23,East,Furniture,Bed,14,783,21.00776945513357,45-54,Female,10962,2302.8716876717417
79,2024-02-24,East,Furniture,Chair,4,758,13.851685869030348,35-44,Male,3032,419.98311554900016
80,2024-09-20,South,Clothing,Jeans,9,761,21.791738119215818,25-34,Female,6849,1492.5161437850913
81,2024-12-18,South,Furniture,Sofa,12,203,16.04535177560871,35-44,Male,2436,390.8647692538282
82,2024-08-04,North,Electronics,Tablet,5,673,27.36922394525888,18-24,Female,3365,920.9743857579613
83,2024-01-09,East,Electronics,Camera,15,368,13.687273407801634,45-54,Female,5520,755.5374921106502
84,2024-01-05,North,Furniture,Sofa,3,610,22.588914139039964,45-54,Female,1830,413.37712874443133
85,2024-10-20,East,Electronics,Camera,4,591,25.288868906523884,18-24,Male,2364,597.8288609502247
86,2024-07-10,West,Clothing,Jeans,10,900,21.770502774422056,45-54,Female,9000,1959.345249697985
87,2024-11-03,North,Clothing,Shirt,7,660,14.22050390610786,55-64,Male,4620,656.9872804621831
88,2024-12-20,South,Electronics,Laptop,6,22,18.17035145320053,55-64,Male,132,23.9848639182247
89,2024-02-22,North,Furniture,Chair,10,739,27.19213462681045,25-34,Female,7390,2009.4987489212922
90,2024-05-27,South,Electronics,Tablet,18,250,22.952694468049614,45-54,Male,4500,1032.8712510622327
91,2024-05-15,North,Electronics,Smartphone,20,786,26.484806026400186,25-34,Female,15720,4163.411507350109
92,2024-02-20,East,Electronics,Smartwatch,17,572,19.875904386901688,45-54,Female,9724,1932.7329425823202
93,2024-11-27,East,Electronics,Smartwatch,1,113,14.57848831443654,55-64,Female,113,16.47369179531329
94,2024-08-09,North,Clothing,Shirt,6,501,20.37927681975208,35-44,Male,3006,612.6010612017475
95,2024-06-22,West,Electronics,Camera,16,376,18.166961868600307,45-54,Male,6016,1092.9244260149944
96,2024-09-02,East,Electronics,Laptop,10,698,28.90387079126421,45-54,Female,6980,2017.4901812302421
97,2024-09-27,East,Furniture,Sofa,4,811,18.083501140014913,35-44,Female,3244,586.6287769820838
98,2024-08-21,West,Electronics,Camera,7,550,17.235587183033505,45-54,Male,3850,663.5701065467899
99,2024-08-04,South,Furniture,Sofa,10,468,27.616932347156112,35-44,Male,4680,1292.4724338469061
100,2024-02-08,South,Electronics,Camera,18,34,21.045028181074663,25-34,Female,612,128.79557246817694
101,2024-07-27,North,Electronics,Smartwatch,10,541,24.108232598517073,25-34,Female,5410,1304.2553835797737
102,2024-09-24,South,Furniture,Cabinet,13,215,28.437362998631237,45-54,Male,2795,794.824295811743
103,2024-05-24,East,Electronics,Smartphone,17,293,26.410989463711566,45-54,Female,4981,1315.5313851874732
104,2024-09-25,West,Furniture,Bed,18,515,16.90247883386015,25-34,Female,9270,1566.859787898836
105,2024-07-02,West,Clothing,Sweater,8,605,17.659416978592045,35-44,Male,4840,854.715781763855
106,2024-10-11,West,Furniture,Cabinet,16,57,12.524925396187774,45-54,Male,912,114.22731961323251
107,2024-11-05,North,Electronics,Smartwatch,1,759,12.88310831933895,55-64,Female,759,97.78279214378263
108,2024-11-28,East,Electronics,Smartwatch,3,892,16.571311779669124,35-44,Female,2676,443.44830322394574
109,2024-11-10,East,Clothing,Sweater,20,90,14.69540486204043,45-54,Male,1800,264.5172875167277
110,2024-01-02,West,Electronics,Smartphone,15,190,23.880023255864693,18-24,Male,2850,680.5806627921437
111,2024-07-19,East,Furniture,Sofa,14,169,14.883948643679368,35-44,Female,2366,352.15422490945383
112,2024-11-08,South,Clothing,Jeans,20,911,17.650885972337477,25-34,Male,18220,3215.9914241598885
113,2024-01-26,South,Furniture,Bed,9,490,15.106534163183081,25-34,Female,4410,666.1981565963739
114,2024-07-23,South,Furniture,Chair,12,621,15.983084982475443,18-24,Female,7452,1191.05949289407
115,2024-10-12,East,Furniture,Cabinet,16,129,14.744114038551492,25-34,Female,2064,304.3185137557028
116,2024-11-25,East,Clothing,Jacket,9,28,21.31858033911398,18-24,Female,252,53.72282245456722
117,2024-11-07,West,Clothing,T-Shirt,20,841,17.046419116706332,35-44,Male,16820,2867.207695430005
118,2024-10-12,South,Clothing,Jacket,10,827,18.816463803256234,18-24,Male,8270,1556.1215565292905
119,2024-09-12,North,Clothing,Jeans,14,199,14.015895893001524,35-44,Female,2786,390.4828595790225
120,2024-06-26,East,Clothing,Shirt,16,845,15.902828983449837,25-34,Female,13520,2150.062478562418
121,2024-06-03,North,Electronics,Smartwatch,13,886,26.09175288041124,25-34,Male,11518,3005.2480967657666
122,2024-11-09,East,Furniture,Sofa,15,397,23.45656763747507,55-64,Male,5955,1396.8386028116406
123,2024-09-11,East,Clothing,Sweater,16,45,22.39093734089059,18-24,Male,720,161.21474885441228
124,2024-01-10,North,Clothing,Jeans,14,139,12.795540250144422,45-54,Female,1946,249.00121326781044
125,2024-12-23,North,Furniture,Sofa,13,484,17.420230309737654,25-34,Male,6292,1096.080891088693
126,2024-05-02,South,Clothing,Sweater,16,650,18.16231771395401,45-54,Male,10400,1888.881042251217
127,2024-11-12,South,Clothing,Jacket,8,895,17.253720775150448,45-54,Female,7160,1235.366407500772
128,2024-08-03,North,Clothing,Jacket,7,145,28.98021576524275,45-54,Female,1015,294.1491900172139
129,2024-04-03,North,Clothing,Jeans,8,148,25.739561999526316,18-24,Female,1184,304.75641407439156
130,2024-01-09,South,Clothing,Jeans,5,827,28.010620712635163,25-34,Female,4135,1158.239166467464
131,2024-04-19,East,Electronics,Laptop,1,154,10.297206544614177,25-34,Male,154,15.857698078705832
132,2024-02-24,South,Furniture,Sofa,5,779,18.419211138201582,35-44,Male,3895,717.4282738329516
133,2024-10-02,West,Electronics,Smartwatch,15,535,14.4309951283657,35-44,Male,8025,1158.0873590513474
134,2024-07-22,East,Clothing,Shirt,2,510,26.945970863344854,45-54,Male,1020,274.8489028061175
135,2024-03-09,West,Electronics,Smartwatch,11,642,12.966676513207291,18-24,Male,7062,915.706695362699
136,2024-02-26,East,Clothing,Shirt,15,537,22.10853583070626,45-54,Female,8055,1780.8425611633893
137,2024-08-13,South,Clothing,T-Shirt,8,443,16.778632376703506,45-54,Female,3544,594.6347314303723
138,2024-11-16,East,Furniture,Sofa,9,403,29.071850352382498,45-54,Female,3627,1054.436012280913
139,2024-03-18,North,Electronics,Smartphone,4,782,24.775919969774314,18-24,Female,3128,774.9907766545406
140,2024-07-28,East,Electronics,Camera,12,914,23.30681040005831,18-24,Female,10968,2556.2909646783955
141,2024-04-05,East,Clothing,T-Shirt,12,126,21.558370367797096,55-64,Female,1512,325.9625599610921
142,2024-05-19,South,Clothing,Sweater,18,396,12.297706270606163,18-24,Female,7128,876.5805029688073
143,2024-05-11,North,Electronics,Smartwatch,1,204,15.465407774254496,55-64,Female,204,31.549431859479174
144,2024-01-03,South,Furniture,Sofa,3,165,24.8193811823684,25-34,Female,495,122.85593685272357
145,2024-05-24,South,Clothing,Shirt,15,369,13.148185516901773,45-54,Female,5535,727.752068360513
146,2024-11-03,North,Furniture,Bed,6,792,22.35676363852061,18-24,Male,4752,1062.3934081024995
147,2024-09-04,West,Furniture,Cabinet,14,299,14.311379306754937,45-54,Female,4186,599.0743377807617
148,2024-04-13,North,Furniture,Cabinet,17,703,16.16838783702513,35-44,Female,11951,1932.2840304028732
149,2024-05-10,North,Clothing,T-Shirt,7,805,12.74469610514654,25-34,Female,5635,718.1636255250075
150,2024-12-08,North,Furniture,Sofa,6,152,17.604148914304723,45-54,Female,912,160.54983809845908
151,2024-02-28,East,Clothing,Shirt,2,466,10.374830731712914,18-24,Female,932,96.69342241956436
152,2024-01-11,West,Furniture,Bed,14,316,12.303467453275964,55-64,Female,4424,544.3054001329286
153,2024-07-19,West,Electronics,Camera,14,884,12.117262667911719,35-44,Male,12376,1499.6324277807541
154,2024-03-03,North,Furniture,Bed,11,246,16.66137244986264,45-54,Female,2706,450.85673849328305
155,2024-05-07,South,Clothing,T-Shirt,5,261,12.056090555555256,35-44,Female,1305,157.3319817499961
156,2024-10-15,South,Electronics,Camera,16,495,25.088916504939718,18-24,Male,7920,1987.0421871912256
157,2024-11-10,East,Clothing,Shirt,15,89,19.378421670527466,35-44,Male,1335,258.70192930154167
158,2024-01-12,North,Furniture,Bed,10,492,19.038277274013645,35-44,Male,4920,936.6832418814713
159,2024-12-02,North,Furniture,Sofa,15,614,21.08632742676608,55-64,Female,9210,1942.0507560051558
160,2024-08-04,South,Furniture,Bed,17,174,29.1544471773317,35-44,Female,2958,862.3885475054717
161,2024-10-06,South,Furniture,Sofa,15,469,20.48137106340349,18-24,Male,7035,1440.8644543104353
162,2024-11-21,East,Furniture,Chair,11,715,21.95771724765979,45-54,Female,7865,1726.9744615284426
163,2024-11-20,East,Furniture,Sofa,10,278,24.474673100049237,18-24,Female,2780,680.3959121813688
164,2024-12-22,North,Electronics,Tablet,12,337,29.353930153854893,55-64,Male,4044,1187.072935421892
165,2024-12-27,North,Furniture,Table,11,852,12.55587528200692,35-44,Female,9372,1176.7366314296885
166,2024-04-11,North,Clothing,Shirt,1,391,16.177321401277617,45-54,Female,391,63.25332667899548
167,2024-02-17,South,Furniture,Table,3,322,26.888567773717668,25-34,Male,966,259.7435646941127
168,2024-03-27,North,Clothing,Shirt,20,405,13.08505522642243,35-44,Male,8100,1059.8894733402167
169,2024-04-15,South,Clothing,Shirt,14,393,23.527258443770656,45-54,Male,5502,1294.4697595762614
170,2024-04-12,West,Clothing,Jacket,10,848,25.687404791864097,25-34,Male,8480,2178.2919263500753
171,2024-03-27,West,Clothing,Shirt,13,534,20.549195769229655,45-54,Female,6942,1426.5251702999228
172,2024-02-23,South,Electronics,Camera,16,915,17.42424213208865,35-44,Male,14640,2550.9090481377784
173,2024-03-27,East,Clothing,T-Shirt,9,480,28.106124179564823,18-24,Male,4320,1214.1845645572002
174,2024-09-12,South,Furniture,Sofa,1,444,11.06513774342149,45-54,Female,444,49.12921158079141
175,2024-12-21,North,Electronics,Smartwatch,1,346,28.616518094999062,35-44,Male,346,99.01315260869674
176,2024-12-16,South,Furniture,Table,16,732,26.62220971864353,18-24,Female,11712,3117.99320224753
177,2024-09-24,North,Furniture,Bed,9,240,26.69926198564762,18-24,Male,2160,576.7040588899886
178,2024-04-14,West,Clothing,Shirt,8,328,12.436966903172351,18-24,Female,2624,326.3460115392425
179,2024-11-17,West,Clothing,Shirt,16,631,20.721075686281225,18-24,Male,10096,2091.999801286953
180,2024-10-14,South,Clothing,Jeans,1,649,17.056320792520676,35-44,Female,649,110.69552194345918
181,2024-11-13,East,Electronics,Smartphone,13,914,19.40270156316972,18-24,Male,11882,2305.4289997358264
182,2024-11-04,North,Furniture,Chair,12,266,24.658820429012835,35-44,Male,3192,787.1095480940897
183,2024-03-27,South,Clothing,Jacket,18,366,26.270177311121763,18-24,Female,6588,1730.6792812567019
184,2024-08-02,West,Clothing,Sweater,3,753,25.523807994068434,25-34,Male,2259,576.5828225860059
185,2024-07-27,North,Furniture,Table,11,975,16.201517658737835,25-34,Male,10725,1737.6127688996328
186,2024-01-28,East,Clothing,Sweater,10,385,27.24277060938501,18-24,Male,3850,1048.846668461323
187,2024-08-13,East,Clothing,Jacket,14,930,18.00043549288924,18-24,Female,13020,2343.6567011741786
188,2024-12-14,West,Furniture,Table,17,293,26.022961748035478,45-54,Female,4981,1296.2037246696473
189,2024-11-10,South,Electronics,Smartwatch,11,125,11.601378221499905,55-64,Female,1375,159.5189505456237
190,2024-06-20,West,Furniture,Cabinet,12,477,10.84710325700259,25-34,Female,5724,620.8881904308282
191,2024-11-06,North,Furniture,Chair,12,545,26.0219195112434,18-24,Female,6540,1701.8335360353185
192,2024-06-12,West,Electronics,Laptop,3,261,25.57030747013731,18-24,Male,783,200.21550749117512
193,2024-08-25,North,Furniture,Bed,15,991,17.419290151002016,55-64,Male,14865,2589.37748094645
194,2024-04-04,South,Electronics,Camera,13,341,22.991214734120632,55-64,Female,4433,1019.2005491635676
195,2024-05-23,West,Electronics,Laptop,18,140,15.235533531749915,55-64,Female,2520,383.9354450000979
196,2024-08-06,East,Furniture,Table,4,158,27.056525807686455,45-54,Male,632,170.99724310457842
197,2024-05-28,North,Clothing,Sweater,3,583,20.843427224511245,35-44,Female,1749,364.5515421567017
198,2024-04-26,East,Electronics,Laptop,4,225,25.841313472222815,55-64,Male,900,232.57182125000534
199,2024-03-20,East,Furniture,Sofa,15,842,29.660239152855713,55-64,Female,12630,3746.0882050056766
200,2024-10-03,East,Electronics,Smartphone,17,440,25.38329100749396,45-54,Female,7480,1898.6701673605482
201,2024-09-21,North,Electronics,Tablet,17,372,12.566692214900277,45-54,Female,6324,794.7176156702934
202,2024-03-06,South,Clothing,Jeans,4,550,13.060309336204012,45-54,Male,2200,287.3268053964883
203,2024-09-09,East,Furniture,Table,3,276,13.926038389661473,55-64,Female,828,115.30759786639699
204,2024-03-22,North,Electronics,Tablet,19,984,21.612930022805074,55-64,Male,18696,4040.753397063637
205,2024-11-25,East,Clothing,Shirt,1,103,10.909236065826839,55-64,Male,103,11.236513147801645
206,2024-11-18,South,Clothing,Jacket,20,674,10.605717971628614,55-64,Female,13480,1429.650782575537
207,2024-01-06,West,Furniture,Chair,10,484,11.459460510106915,25-34,Female,4840,554.6378886891747
208,2024-12-11,West,Furniture,Cabinet,11,641,12.873373823252692,45-54,Male,7051,907.7015882775472
209,2024-04-15,West,Clothing,Jacket,17,595,12.123678672181946,25-34,Female,10115,1226.3100976912037
210,2024-07-28,West,Electronics,Tablet,4,71,15.80424009939803,25-34,Male,284,44.884041882290404
211,2024-03-16,South,Clothing,Sweater,19,758,16.25429841724546,25-34,Female,14402,2340.944058051691
212,2024-09-15,West,Clothing,Sweater,1,112,28.904656081384744,35-44,Female,112,32.37321481115091
213,2024-11-22,East,Electronics,Laptop,10,526,21.950375420203727,18-24,Male,5260,1154.589747102716
214,2024-06-25,North,Furniture,Chair,5,923,15.289457995818266,18-24,Female,4615,705.608486507013
215,2024-09-10,North,Furniture,Chair,19,595,13.893106037754382,45-54,Male,11305,1570.615637568133
216,2024-03-04,West,Electronics,Smartwatch,20,716,22.220862823547574,55-64,Female,14320,3182.027556332013
217,2024-07-17,East,Furniture,Chair,5,223,22.049259023237603,55-64,Female,1115,245.84923810909928
218,2024-10-17,North,Electronics,Smartphone,16,551,19.13977118565748,25-34,Female,8816,1687.3622277275635
219,2024-10-11,East,Electronics,Tablet,20,777,26.852038547282568,25-34,Female,15540,4172.8067902477105
220,2024-06-22,West,Clothing,Shirt,16,855,10.332739110046298,55-64,Female,13680,1413.5187102543337
221,2024-10-19,East,Electronics,Smartwatch,9,691,25.65807982862843,18-24,Female,6219,1595.6759845424021
222,2024-01-19,West,Electronics,Smartphone,5,861,23.614537901013577,25-34,Female,4305,1016.6058566386345
223,2024-12-07,South,Clothing,T-Shirt,11,448,13.02862516238691,18-24,Female,4928,642.0506480024269
224,2024-11-16,West,Furniture,Bed,17,232,21.217735458172786,18-24,Male,3944,836.8274864703347
225,2024-11-25,East,Clothing,Sweater,18,370,20.925464384896603,25-34,Female,6660,1393.635928034114
226,2024-05-25,West,Clothing,Jacket,9,591,15.96998322380588,25-34,Male,5319,849.4434076742348
227,2024-12-09,West,Furniture,Table,12,593,28.674007495416014,35-44,Female,7116,2040.4423733738035
228,2024-12-03,West,Furniture,Sofa,5,317,10.84132973665451,45-54,Female,1585,171.83507632597397
229,2024-09-23,East,Furniture,Cabinet,7,867,20.771558474173055,45-54,Male,6069,1260.6258837975627
230,2024-09-08,North,Furniture,Table,8,71,23.39667929786208,55-64,Male,568,132.8931384118566
231,2024-11-25,North,Clothing,Jeans,11,754,19.448078140697614,18-24,Female,8294,1613.0236009894602
232,2024-05-11,South,Electronics,Smartphone,16,686,13.989119493352034,45-54,Female,10976,1535.445755590319
233,2024-01-06,North,Furniture,Sofa,18,776,24.462353564848467,55-64,Male,13968,3416.901545938034
234,2024-05-02,North,Furniture,Table,6,979,24.980064028819108,45-54,Female,5874,1467.3289610528343
235,2024-08-05,North,Electronics,Tablet,15,676,20.866009671139498,35-44,Female,10140,2115.813380653545
236,2024-11-09,East,Clothing,Sweater,11,186,24.622384676175486,25-34,Male,2046,503.77399047455043
237,2024-03-20,North,Clothing,Jeans,19,710,25.145655005151223,35-44,Female,13490,3392.1488601949004
238,2024-03-05,West,Clothing,Sweater,3,430,23.385117068199083,55-64,Female,1290,301.66801017976815
239,2024-05-11,South,Furniture,Chair,13,261,18.93471043612907,18-24,Female,3393,642.4547250978593
240,2024-08-10,North,Furniture,Bed,8,83,23.35572229597343,35-44,Female,664,155.08199604526357
241,2024-03-16,East,Electronics,Smartwatch,12,649,14.416984799374431,18-24,Female,7788,1122.7947761752807
242,2024-04-25,East,Electronics,Smartwatch,18,841,23.281888786793274,45-54,Female,15138,3524.412324544766
243,2024-10-04,North,Electronics,Camera,17,740,17.235697370484875,55-64,Female,12580,2168.250729206997
244,2024-08-04,South,Electronics,Camera,6,355,27.089720147899023,55-64,Male,2130,577.0110391502492
245,2024-07-15,West,Clothing,Jeans,2,484,12.63888679642198,18-24,Female,968,122.34442418936476
246,2024-12-07,West,Clothing,T-Shirt,13,280,26.329064518662612,35-44,Male,3640,958.377948479319
247,2024-02-16,North,Clothing,T-Shirt,3,574,29.882473209538404,45-54,Female,1722,514.5761886682513
248,2024-07-15,West,Electronics,Tablet,14,403,29.85713197161758,25-34,Male,5642,1684.5393858386637
249,2024-09-13,North,Furniture,Cabinet,12,141,13.569472580082234,55-64,Male,1692,229.59547605499142
250,2024-09-14,South,Clothing,Jeans,10,494,23.469997155531342,18-24,Male,4940,1159.4178594832483
251,2024-12-25,South,Clothing,Sweater,12,178,15.512994555902546,25-34,Female,2136,331.35756371407837
252,2024-10-02,West,Electronics,Smartphone,8,231,11.345818057789907,55-64,Male,1848,209.6707177079575
253,2024-04-25,North,Furniture,Bed,13,469,14.686785569751233,25-34,Male,6097,895.4533161877328
254,2024-06-08,East,Electronics,Laptop,19,632,25.450764249642475,25-34,Female,12008,3056.1277710970685
255,2024-10-24,South,Furniture,Table,9,82,21.13436236210469,45-54,Female,738,155.97159423233262
256,2024-12-14,West,Electronics,Smartwatch,13,824,20.489261197855242,18-24,Female,10712,2194.8096595142533
257,2024-04-10,East,Furniture,Table,18,504,14.819363780221481,45-54,Male,9072,1344.4126821416928
258,2024-07-08,West,Clothing,Jeans,14,590,20.599836280061716,18-24,Female,8260,1701.5464767330977
259,2024-04-02,East,Furniture,Table,12,114,20.712710726944312,18-24,Female,1368,283.3498827445982
260,2024-04-16,North,Furniture,Cabinet,19,761,23.42901044470824,18-24,Male,14459,3387.6006202003646
261,2024-08-08,East,Electronics,Tablet,7,779,12.34632398886669,18-24,Male,5453,673.2450471129007
262,2024-07-15,South,Clothing,Shirt,18,349,25.510277641275405,45-54,Male,6282,1602.555641424921
263,2024-02-26,East,Clothing,Jacket,17,923,19.945545862019667,35-44,Female,15691,3129.655601209506
264,2024-04-24,East,Clothing,Sweater,11,443,10.914308959621895,25-34,Female,4873,531.8542756023749
265,2024-04-13,East,Electronics,Smartphone,10,176,13.923835654536676,55-64,Female,1760,245.0595075198455
266,2024-12-21,West,Clothing,Jeans,9,801,26.431838793847128,55-64,Female,7209,1905.4712586484395
267,2024-08-06,West,Clothing,Sweater,6,163,24.406270615241873,25-34,Female,978,238.6933266170655
268,2024-11-08,North,Clothing,T-Shirt,1,442,12.749830609939202,18-24,Male,442,56.35425129593127
269,2024-11-20,North,Electronics,Laptop,12,81,22.35670471753606,25-34,Female,972,217.3071698544505
270,2024-05-18,North,Furniture,Cabinet,1,37,20.58835293683301,18-24,Female,37,7.617690586628214
271,2024-04-20,West,Furniture,Sofa,4,556,12.97794971480501,25-34,Male,2224,288.62960165726344
272,2024-08-19,East,Clothing,Jacket,3,402,29.185955882970603,35-44,Female,1206,351.98262794862546
273,2024-09-16,East,Electronics,Laptop,3,435,17.585280444796318,18-24,Male,1305,229.48790980459194
274,2024-10-28,South,Electronics,Smartphone,14,680,25.687526215802222,18-24,Female,9520,2445.4524957443714
275,2024-02-22,North,Electronics,Camera,19,506,15.421901054168039,25-34,Male,9614,1482.6615673477154
276,2024-12-27,North,Furniture,Bed,1,232,21.740722081689768,25-34,Female,232,50.438475229520265
277,2024-11-18,East,Furniture,Sofa,19,874,26.988848505788535,25-34,Male,16606,4481.768182871244
278,2024-02-11,South,Furniture,Cabinet,2,120,18.741765056869983,18-24,Female,240,44.98023613648795
279,2024-08-08,West,Clothing,Shirt,9,822,29.851717569015946,35-44,Male,7398,2208.4300657557997
280,2024-10-10,West,Furniture,Bed,19,696,17.601454270734504,45-54,Male,13224,2327.6163127619307
281,2024-03-24,North,Electronics,Smartphone,13,748,25.677805637404454,35-44,Male,9724,2496.909820181209
282,2024-06-25,East,Furniture,Chair,1,985,16.165349102725962,18-24,Male,985,159.22868866185073
283,2024-09-14,South,Furniture,Sofa,14,479,21.139700644424558,18-24,Male,6706,1417.6283252151109
284,2024-07-01,North,Electronics,Smartphone,20,632,25.68877448505615,35-44,Male,12640,3247.0610949110974
285,2024-07-06,West,Furniture,Cabinet,19,553,13.39165846784651,18-24,Male,10507,1407.0615552166328
286,2024-05-14,East,Electronics,Tablet,5,84,13.344148015182654,35-44,Female,420,56.045421663767144
287,2024-10-20,North,Furniture,Cabinet,8,758,22.500673755377893,35-44,Female,6064,1364.4408565261153
288,2024-10-13,North,Electronics,Smartwatch,1,991,17.913839568528118,25-34,Female,991,177.52615012411366
289,2024-12-07,East,Furniture,Cabinet,10,348,22.06422536779626,45-54,Male,3480,767.8350427993099
290,2024-08-19,South,Furniture,Chair,10,772,23.8991553534422,45-54,Female,7720,1845.014793285738
291,2024-04-19,West,Electronics,Tablet,12,136,28.641343051768914,35-44,Female,1632,467.42671860486865
292,2024-12-03,North,Clothing,Jeans,15,836,15.826624159705906,45-54,Male,12540,1984.6586696271206
293,2024-07-26,South,Furniture,Cabinet,9,694,13.08286468911713,35-44,Male,6246,817.155728482256
294,2024-12-14,West,Furniture,Sofa,19,430,20.687348024042343,55-64,Female,8170,1690.1563335642595
295,2024-11-12,East,Clothing,T-Shirt,4,807,14.964619376898057,55-64,Male,3228,483.05791348626923
296,2024-01-04,North,Electronics,Camera,11,835,18.609110877803644,55-64,Female,9185,1709.2468341262647
297,2024-10-23,South,Furniture,Table,13,494,25.44684464924864,45-54,Female,6422,1634.1963633747478
298,2024-02-04,East,Clothing,Jeans,4,322,18.31950857051425,18-24,Female,1288,235.95527038822357
299,2024-08-12,East,Clothing,Jeans,15,823,14.13734652416629,35-44,Female,12345,1745.2554284083285
300,2024-12-04,West,Furniture,Sofa,3,327,10.893661053506422,45-54,Female,981,106.86681493489799
301,2024-06-18,North,Electronics,Tablet,17,198,21.0382057965004,25-34,Male,3366,708.1460071102035
302,2024-07-01,South,Furniture,Cabinet,6,675,23.146158223172193,45-54,Male,4050,937.4194080384738
303,2024-04-09,South,Clothing,Shirt,13,24,24.094712319194688,45-54,Female,312,75.17550243588742
304,2024-02-09,North,Clothing,T-Shirt,12,353,13.94148550295091,55-64,Male,4236,590.5613259050006
305,2024-06-12,East,Clothing,Sweater,20,421,21.74009429130436,55-64,Female,8420,1830.515939327827
306,2024-05-04,South,Furniture,Bed,5,340,12.357233053233134,35-44,Male,1700,210.07296190496328
307,2024-07-14,South,Electronics,Tablet,14,630,12.75734597069115,55-64,Female,8820,1125.1979146149595
308,2024-06-27,South,Electronics,Smartwatch,16,315,12.80593070195594,55-64,Male,5040,645.4189073785794
309,2024-07-18,North,Furniture,Bed,16,159,13.902569832684984,35-44,Male,2544,353.68137654350596
310,2024-10-01,West,Clothing,Sweater,15,520,13.345069748561176,45-54,Female,7800,1040.915440387772
311,2024-08-19,North,Electronics,Tablet,18,315,13.364179548731475,35-44,Male,5670,757.7489804130746
312,2024-06-18,North,Clothing,Sweater,9,813,20.8621236418609,55-64,Male,7317,1526.481586874962
313,2024-01-15,South,Electronics,Smartwatch,8,324,27.496196925537685,45-54,Male,2592,712.7014243099369
314,2024-10-23,North,Furniture,Chair,8,234,26.214054336788205,45-54,Male,1872,490.72709718467524
315,2024-01-19,West,Furniture,Bed,7,853,14.13885441503532,25-34,Male,5971,844.230997121759
316,2024-10-09,East,Furniture,Bed,11,740,15.852693958481138,55-64,Male,8140,1290.4092882203647
317,2024-12-28,South,Clothing,T-Shirt,9,907,23.117925543619418,45-54,Male,8163,1887.116262125653
318,2024-11-09,South,Electronics,Laptop,13,521,12.843432661507357,35-44,Male,6773,869.8856941638934
319,2024-05-23,West,Clothing,Sweater,3,432,20.31226944175398,45-54,Male,1296,263.24701196513155
320,2024-11-22,West,Furniture,Cabinet,3,768,29.44300583875913,35-44,Male,2304,678.3668545250105
321,2024-08-09,North,Clothing,Jacket,7,459,26.49695295272044,55-64,Female,3213,851.3470983709078
322,2024-06-22,East,Furniture,Chair,19,892,19.7067580801701,55-64,Male,16948,3339.9013594272283
323,2024-08-15,North,Electronics,Smartphone,4,971,27.153031998572278,45-54,Male,3884,1054.6237628245474
324,2024-05-03,South,Electronics,Smartwatch,6,915,28.654511254518486,25-34,Female,5490,1573.132667873065
325,2024-05-24,East,Clothing,Jacket,6,73,17.926831338644664,18-24,Female,438,78.51952126326363
326,2024-03-19,West,Clothing,Jeans,1,238,19.536134165218282,18-24,Male,238,46.49599931321951
327,2024-07-23,West,Electronics,Camera,11,856,12.411875723027423,18-24,Male,9416,1168.7022180802621
328,2024-02-11,North,Electronics,Smartwatch,3,768,26.11913667655396,25-34,Female,2304,601.7849090278032
329,2024-01-20,South,Furniture,Chair,5,90,20.61016553093362,45-54,Male,450,92.74574488920129
330,2024-11-15,West,Clothing,Jeans,5,961,18.23419788719356,35-44,Male,4805,876.1532084796505
331,2024-07-11,North,Electronics,Smartphone,19,767,17.680638186862414,25-34,Male,14573,2576.5994029714593
332,2024-10-10,East,Electronics,Laptop,18,635,22.000157344517056,18-24,Male,11430,2514.6179844782996
333,2024-04-16,East,Clothing,T-Shirt,13,322,22.92339549281733,25-34,Male,4186,959.5733353293335
334,2024-06-11,South,Furniture,Sofa,17,930,29.553938956866713,45-54,Male,15810,4672.477749080627
335,2024-02-01,West,Electronics,Smartwatch,16,997,29.747325296754696,35-44,Male,15952,4745.293331338309
336,2024-07-17,North,Clothing,T-Shirt,2,964,11.209377191764114,35-44,Male,1928,216.1167922572121
337,2024-10-05,West,Furniture,Bed,3,675,20.731296321400308,45-54,Female,2025,419.80875050835624
338,2024-10-21,East,Furniture,Sofa,5,569,16.535005925704763,18-24,Male,2845,470.42091858630044
339,2024-07-04,East,Clothing,T-Shirt,2,270,11.724255967829787,45-54,Male,540,63.31098222628085
340,2024-12-01,North,Furniture,Bed,4,32,24.15801214236197,35-44,Male,128,30.92225554222332
341,2024-05-24,East,Electronics,Smartwatch,6,400,12.538612149622496,55-64,Female,2400,300.9266915909399
342,2024-10-21,East,Electronics,Smartphone,17,85,15.258993016529566,45-54,Female,1445,220.49244908885223
343,2024-03-12,West,Electronics,Smartwatch,2,531,27.187195653749427,55-64,Female,1062,288.72801784281893
344,2024-01-28,North,Electronics,Tablet,8,778,20.176497698212934,55-64,Male,6224,1255.785216736773
345,2024-01-18,North,Electronics,Laptop,13,962,13.001693364823002,45-54,Female,12506,1625.9917722047646
346,2024-05-27,South,Clothing,Sweater,14,957,24.405758428563942,35-44,Male,13398,3269.8835142589974
347,2024-01-13,East,Electronics,Camera,6,248,26.086760389175133,18-24,Male,1488,388.170994590926
348,2024-06-07,East,Electronics,Smartwatch,3,586,19.134923518891508,35-44,Female,1758,336.3919554621127
349,2024-08-25,East,Furniture,Bed,15,397,21.833818699696323,55-64,Male,5955,1300.2039035669159
350,2024-06-21,South,Electronics,Camera,14,44,14.65995483719486,25-34,Male,616,90.30532179712034
351,2024-04-14,East,Clothing,T-Shirt,10,126,14.103887458117974,18-24,Female,1260,177.70898197228647
352,2024-09-14,South,Furniture,Sofa,2,963,14.629451468182722,35-44,Male,1926,281.7632352771992
353,2024-07-03,West,Clothing,Jacket,17,156,22.74431360065384,18-24,Male,2652,603.1791966893398
354,2024-06-26,North,Clothing,Shirt,8,318,15.2198187784722,45-54,Male,2544,387.19218972433276
355,2024-03-25,East,Furniture,Chair,8,96,28.87109372060189,45-54,Female,768,221.72999977422253
356,2024-02-18,South,Clothing,T-Shirt,15,497,16.280665756242357,18-24,Male,7455,1213.7236321278679
357,2024-03-26,West,Furniture,Table,9,892,12.398271127107872,35-44,Female,8028,995.33320608422
358,2024-06-13,North,Clothing,Jacket,5,113,24.223147965702232,25-34,Female,565,136.8607860062176
359,2024-08-18,East,Clothing,T-Shirt,1,994,18.087844528943492,35-44,Male,994,179.79317461769833
360,2024-02-01,South,Clothing,Shirt,4,843,25.876194855539953,18-24,Female,3372,872.5452905288072
361,2024-11-03,South,Electronics,Laptop,12,722,22.60595097207649,25-34,Female,8664,1958.579592220707
362,2024-08-26,East,Clothing,Shirt,3,222,28.04992163866563,18-24,Male,666,186.8124781135131
363,2024-10-14,East,Electronics,Smartphone,15,71,13.35978417458113,18-24,Male,1065,142.28170145928902
364,2024-03-09,West,Clothing,Sweater,14,196,17.0788650534624,18-24,Female,2744,468.64405706700825
365,2024-09-16,South,Furniture,Cabinet,10,530,18.2398441259233,18-24,Male,5300,966.7117386739351
366,2024-09-08,East,Electronics,Smartphone,14,224,22.853050512768704,45-54,Male,3136,716.6716640804266
367,2024-06-19,North,Clothing,Shirt,16,577,25.628702116709867,45-54,Female,9232,2366.0417794146547
368,2024-01-26,West,Clothing,Jacket,1,346,21.94232705518904,35-44,Male,346,75.92045161095407
369,2024-02-08,West,Furniture,Sofa,19,258,29.47959723467004,55-64,Female,4902,1445.0898564435254
370,2024-07-12,East,Clothing,Jeans,8,609,26.930101809302663,55-64,Male,4872,1312.0345601492259
371,2024-12-23,South,Electronics,Laptop,12,955,21.831249896914745,55-64,Female,11460,2501.86123818643
372,2024-08-02,South,Furniture,Bed,16,575,16.18106144302439,55-64,Male,9200,1488.6576527582438
373,2024-06-20,South,Electronics,Smartphone,1,559,19.55977976332359,55-64,Male,559,109.33916887697887
374,2024-12-05,East,Electronics,Laptop,2,42,12.954240379722293,25-34,Female,84,10.881561918966726
375,2024-05-11,East,Electronics,Camera,13,620,12.020643403613727,18-24,Female,8060,968.8638583312663
376,2024-12-20,West,Electronics,Laptop,6,744,29.374857926663353,45-54,Female,4464,1311.293657846252
377,2024-01-23,South,Furniture,Table,10,150,13.554165769939265,45-54,Female,1500,203.31248654908896
378,2024-02-16,North,Clothing,Sweater,20,246,22.792935455672477,25-34,Female,4920,1121.412424419086
379,2024-02-27,North,Electronics,Tablet,11,191,22.723735404807364,25-34,Female,2101,477.4256808550027
380,2024-06-09,West,Clothing,Jacket,7,275,23.8635215264253,18-24,Female,1925,459.37278938368695
381,2024-08-13,North,Electronics,Smartphone,14,190,27.69103995174455,45-54,Female,2660,736.5816627164049
382,2024-04-06,West,Furniture,Bed,19,686,25.164870871180355,18-24,Female,13034,3279.989269349647
383,2024-02-11,North,Furniture,Sofa,11,287,29.033242628682412,35-44,Male,3157,916.5794697875037
384,2024-08-23,South,Electronics,Smartwatch,11,628,29.705522002822864,18-24,Male,6908,2052.0574599550037
385,2024-04-07,South,Electronics,Smartwatch,6,74,12.025156219466712,55-64,Female,444,53.39169361443221
386,2024-10-18,East,Furniture,Bed,8,118,10.992708860770197,35-44,Female,944,103.77117164567066
387,2024-11-21,North,Furniture,Table,14,109,15.890988979324296,35-44,Male,1526,242.49649182448877
388,2024-02-16,South,Clothing,Sweater,7,194,22.763813181491415,18-24,Male,1358,309.13258300465344
389,2024-07-06,West,Electronics,Tablet,9,113,22.837327650804227,45-54,Female,1017,232.25562220867897
390,2024-05-08,East,Furniture,Cabinet,2,289,18.79480845705538,25-34,Female,578,108.6339928817801
391,2024-09-14,North,Furniture,Bed,3,704,16.875827730920932,25-34,Male,2112,356.4174816770501
392,2024-08-19,North,Clothing,Jeans,18,723,27.337880274111246,45-54,Female,13014,3557.751738872838
393,2024-09-26,East,Electronics,Smartwatch,2,534,21.42439870543108,18-24,Female,1068,228.81257817400393
394,2024-04-26,South,Clothing,Shirt,6,991,29.68735980498266,18-24,Female,5946,1765.2104140042688
395,2024-11-05,North,Electronics,Laptop,14,226,29.945384535575513,45-54,Male,3164,947.4719667056092
396,2024-06-28,East,Clothing,Jacket,13,589,17.947099887140716,18-24,Male,7657,1374.2094383583647
397,2024-10-19,West,Furniture,Bed,4,444,12.992846391826829,18-24,Female,1776,230.75295191884447
398,2024-06-14,North,Clothing,T-Shirt,10,908,20.712669622918334,55-64,Male,9080,1880.7104017609847
399,2024-03-20,West,Furniture,Cabinet,2,196,15.508282840695076,55-64,Female,392,60.7924687355247
400,2024-05-12,North,Clothing,Sweater,8,70,24.914996396782723,45-54,Female,560,139.52397982198326
401,2024-02-28,East,Electronics,Tablet,16,898,23.923656893499498,35-44,Female,14368,3437.3510224580077
402,2024-11-03,East,Electronics,Laptop,9,766,18.335454554107656,45-54,Female,6894,1264.046236960182
403,2024-01-17,South,Electronics,Smartwatch,17,908,17.478204193862883,45-54,Female,15436,2697.9355993646745
404,2024-10-01,East,Electronics,Smartphone,5,819,27.025906819743845,55-64,Female,4095,1106.7108842685104
405,2024-06-23,South,Electronics,Laptop,2,487,11.011185633842807,18-24,Male,974,107.24894807362894
406,2024-06-16,East,Electronics,Tablet,4,717,10.611263847639872,45-54,Female,2868,304.3310471503115
407,2024-05-24,South,Clothing,Sweater,12,187,26.753075405134545,45-54,Female,2244,600.3390120912192
408,2024-04-28,East,Clothing,T-Shirt,2,186,27.07642653171093,18-24,Female,372,100.72430669796466
409,2024-11-01,South,Electronics,Laptop,17,40,27.292598602220963,35-44,Female,680,185.58967049510255
410,2024-05-23,South,Furniture,Table,8,278,22.166877657932872,55-64,Male,2224,492.99135911242706
411,2024-05-22,West,Clothing,Jacket,15,278,14.364181081458629,45-54,Female,4170,598.9863510968248
412,2024-06-18,West,Clothing,Shirt,1,543,29.98858759736351,55-64,Male,543,162.83803065368386
413,2024-05-21,East,Clothing,Shirt,16,85,16.72567307775631,35-44,Male,1360,227.4691538574858
414,2024-01-26,East,Furniture,Chair,5,549,25.309487766072465,35-44,Male,2745,694.7454391786891
415,2024-07-13,East,Clothing,Sweater,16,322,15.188525454239779,25-34,Male,5152,782.5128314024333
416,2024-11-12,South,Furniture,Sofa,18,673,25.69794110592234,35-44,Male,12114,3113.0485855714323
417,2024-12-09,South,Clothing,Jacket,10,119,19.41561745523574,55-64,Male,1190,231.0458477173053
418,2024-05-14,South,Clothing,Shirt,8,383,14.466558507712172,35-44,Male,3064,443.25535267630096
419,2024-01-28,East,Furniture,Chair,15,891,12.35562942483076,55-64,Female,13365,1651.3298726286312
420,2024-07-17,North,Clothing,Shirt,17,142,27.3499550939646,45-54,Male,2414,660.2279159683054
421,2024-10-15,North,Furniture,Cabinet,7,370,18.18383693504208,25-34,Male,2590,470.9613766175899
422,2024-06-21,South,Electronics,Tablet,11,666,29.732807453993598,18-24,Female,7326,2178.2254740795706
423,2024-08-26,West,Electronics,Smartphone,6,610,25.28967472291516,35-44,Male,3660,925.6020948586947
424,2024-01-18,West,Electronics,Laptop,14,508,17.666328401069215,45-54,Female,7112,1256.4292758840427
425,2024-12-08,North,Electronics,Tablet,1,712,10.082476679487067,35-44,Male,712,71.78723395794792
426,2024-03-03,East,Electronics,Tablet,13,535,21.77341376336144,25-34,Male,6955,1514.340927241788
427,2024-03-11,East,Electronics,Tablet,14,929,23.73560309342629,45-54,Female,13006,3087.052538331023
428,2024-03-07,South,Furniture,Chair,1,253,14.486427266473891,25-34,Female,253,36.65066098417894
429,2024-05-25,South,Clothing,T-Shirt,2,404,27.530882751989523,18-24,Female,808,222.44953263607533
430,2024-01-23,North,Clothing,Shirt,4,689,26.722400191387795,55-64,Male,2756,736.4693492746477
431,2024-03-07,West,Electronics,Smartwatch,18,278,19.487926766554743,45-54,Male,5004,975.1758553983993
432,2024-12-05,East,Clothing,T-Shirt,17,296,22.455955536012997,45-54,Male,5032,1129.983682572174
433,2024-04-25,North,Furniture,Sofa,4,529,13.972933234125644,35-44,Male,2116,295.66726723409863
434,2024-08-07,South,Furniture,Bed,10,184,10.788114152571373,35-44,Female,1840,198.50130040731324
435,2024-02-27,East,Clothing,Sweater,1,707,11.780056790542607,25-34,Male,707,83.28500150913624
436,2024-04-15,South,Clothing,Sweater,4,946,15.117842055013298,18-24,Male,3784,572.0591433617033
437,2024-05-12,West,Furniture,Chair,6,915,10.788890399373871,18-24,Male,5490,592.3100829256256
438,2024-11-21,West,Clothing,Jacket,2,29,27.039974501489763,18-24,Male,58,15.683185210864062
439,2024-03-04,East,Electronics,Tablet,3,401,26.299285790729925,45-54,Female,1203,316.380408062481
440,2024-03-04,West,Furniture,Cabinet,16,839,18.43479642999865,35-44,Female,13424,2474.6870727630185
441,2024-11-15,South,Electronics,Smartphone,19,514,26.04529568090192,18-24,Female,9766,2543.5835761968815
442,2024-02-14,West,Electronics,Camera,5,514,28.407959712762054,35-44,Male,2570,730.0845646179847
443,2024-09-25,North,Furniture,Sofa,1,741,27.3666454371704,35-44,Female,741,202.78684268943266
444,2024-08-12,South,Clothing,Shirt,14,697,24.533039368477013,35-44,Male,9758,2393.9339815759868
445,2024-09-28,South,Clothing,Sweater,1,678,28.687428408403303,55-64,Male,678,194.50076460897438
446,2024-05-02,South,Furniture,Cabinet,11,266,16.617896850428735,18-24,Female,2926,486.2396618435448
447,2024-10-15,West,Clothing,Jeans,3,490,18.88377752918918,45-54,Male,1470,277.59152967908096
448,2024-02-13,West,Electronics,Smartwatch,16,783,23.067460062767434,35-44,Male,12528,2889.8913966635046
449,2024-11-15,North,Furniture,Sofa,17,595,14.137024976997967,18-24,Female,10115,1429.9600764233444
450,2024-10-16,North,Furniture,Chair,11,593,25.348327997290784,25-34,Female,6523,1653.471435263278
451,2024-11-26,West,Clothing,Jacket,8,22,16.827142291536774,18-24,Male,176,29.61577043310472
452,2024-12-24,East,Furniture,Bed,6,524,12.808983746444977,18-24,Male,3144,402.71444898823006
453,2024-07-07,North,Clothing,Sweater,7,143,28.604325183062905,35-44,Male,1001,286.3292950824597
454,2024-11-19,East,Furniture,Table,2,968,22.66480935178194,18-24,Female,1936,438.7907090504983
455,2024-01-18,West,Electronics,Smartwatch,16,24,20.607286950381685,55-64,Male,384,79.13198188946566
456,2024-03-04,West,Furniture,Bed,19,197,24.609893234855555,55-64,Male,3743,921.1483037806435
457,2024-04-09,East,Furniture,Bed,14,643,28.318204833941984,55-64,Female,9002,2549.2047991514573
458,2024-12-17,East,Furniture,Chair,5,442,22.050488993527633,45-54,Male,2210,487.3158067569607
459,2024-05-22,East,Furniture,Bed,7,234,22.483351784107764,55-64,Male,1638,368.2773022236852
460,2024-08-19,South,Furniture,Table,4,799,17.044756049257547,55-64,Female,3196,544.7504033342711
461,2024-03-02,East,Clothing,Sweater,17,129,10.505442825089442,45-54,Male,2193,230.38436115421146
462,2024-01-23,South,Clothing,T-Shirt,10,719,15.011220149163659,35-44,Male,7190,1079.306728724867
463,2024-12-18,North,Furniture,Table,4,650,27.360707473088205,35-44,Female,2600,711.3783943002933
464,2024-07-26,West,Electronics,Camera,2,968,17.631652561955846,25-34,Female,1936,341.3487935994652
465,2024-08-27,North,Clothing,Jacket,7,655,27.37699922635032,18-24,Female,4585,1255.2354145281622
466,2024-02-06,South,Electronics,Tablet,15,201,29.669066471257636,25-34,Female,3015,894.5223541084177
467,2024-03-06,North,Electronics,Camera,14,305,21.13197241190666,45-54,Male,4270,902.3352219884144
468,2024-06-20,North,Clothing,Jacket,5,60,13.074067671392594,35-44,Female,300,39.222203014177786
469,2024-09-08,East,Electronics,Camera,3,822,24.153631227889505,45-54,Female,2466,595.6285460797552
470,2024-02-12,North,Electronics,Camera,14,576,20.740719050678173,55-64,Male,8064,1672.531584246688
471,2024-10-17,East,Electronics,Laptop,10,243,29.006165527203038,35-44,Female,2430,704.8498223110338
472,2024-10-20,North,Furniture,Bed,15,266,28.08992916975384,18-24,Female,3990,1120.7881738731783
473,2024-05-01,East,Electronics,Smartphone,13,282,20.80474625885123,45-54,Male,3666,762.7019978494862
474,2024-06-17,West,Clothing,Jacket,10,939,23.03056391962057,45-54,Male,9390,2162.5699520523717
475,2024-04-28,South,Electronics,Smartphone,3,235,23.40670252286113,55-64,Male,705,165.01725278617099
476,2024-01-15,North,Clothing,Sweater,3,784,23.720870785974647,25-34,Female,2352,557.9148808861237
477,2024-09-03,North,Clothing,Jacket,2,202,25.884295739517807,18-24,Male,404,104.57255478765194
478,2024-06-01,East,Clothing,Jeans,15,665,18.08896041408554,45-54,Female,9975,1804.3738013050327
479,2024-02-12,North,Furniture,Sofa,19,66,24.017640627660043,55-64,Male,1254,301.1812134708569
480,2024-07-13,East,Clothing,T-Shirt,10,803,28.533817594897172,35-44,Male,8030,2291.265552870243
481,2024-09-10,West,Clothing,T-Shirt,5,784,17.819851308579807,25-34,Male,3920,698.5381712963284
482,2024-02-02,East,Clothing,Jeans,18,915,21.10139491280524,35-44,Male,16470,3475.399742139023
483,2024-12-12,West,Electronics,Camera,10,235,24.965931734655868,55-64,Male,2350,586.6993957644129
484,2024-04-04,South,Electronics,Smartwatch,8,651,26.69496733736124,25-34,Male,5208,1390.2738989297734
485,2024-02-09,North,Electronics,Camera,18,94,15.813053350401706,55-64,Female,1692,267.55686268879685
486,2024-02-10,West,Electronics,Laptop,5,707,23.109459613939052,35-44,Female,3535,816.9193973527455
487,2024-05-23,South,Clothing,T-Shirt,15,356,22.326848605189063,35-44,Female,5340,1192.253715517096
488,2024-04-23,East,Clothing,Jeans,6,24,16.26429561468588,35-44,Female,144,23.42058568514767
489,2024-08-12,East,Clothing,Sweater,11,918,19.599079409666118,35-44,Male,10098,1979.1150387880846
490,2024-09-07,North,Furniture,Cabinet,9,899,26.528873464465388,25-34,Male,8091,2146.4511520098945
491,2024-10-07,North,Furniture,Sofa,19,612,18.10268935102228,18-24,Male,11628,2104.9807177368707
492,2024-10-24,East,Electronics,Camera,5,394,17.849966916934648,55-64,Female,1970,351.6443482636125
493,2024-11-08,West,Furniture,Table,13,392,20.043345393328618,55-64,Male,5096,1021.4088812440264
494,2024-11-28,South,Clothing,Jeans,6,599,28.97423663225957,45-54,Male,3594,1041.334064563409
495,2024-06-08,East,Electronics,Smartwatch,16,257,11.257223228269384,18-24,Male,4112,462.89701914643706
496,2024-11-11,East,Electronics,Laptop,15,922,10.928749150023563,45-54,Female,13830,1511.4460074482588
497,2024-10-21,East,Electronics,Camera,13,689,17.57037034113657,35-44,Male,8957,1573.7780714556025
498,2024-06-16,East,Electronics,Camera,17,435,17.057960155194515,45-54,Male,7395,1261.4361534766344
499,2024-09-21,North,Furniture,Bed,15,189,14.59981532053474,55-64,Male,2835,413.90476433715986
500,2024-02-22,South,Furniture,Table,12,636,24.34605416908191,25-34,Male,7632,1858.0908541843312
501,2024-03-21,East,Electronics,Smartwatch,16,510,14.214079021035268,18-24,Female,8160,1159.868848116478
502,2024-11-17,South,Furniture,Sofa,19,626,13.22258280735076,18-24,Male,11894,1572.6939991062993
503,2024-07-20,South,Electronics,Camera,9,964,13.600750791525941,18-24,Male,8676,1180.0011386727906
504,2024-08-06,East,Clothing,T-Shirt,15,641,29.855516474159575,18-24,Male,9615,2870.6079089904433
505,2024-03-24,South,Electronics,Smartwatch,20,695,20.216098169165953,55-64,Male,13900,2810.037645514067
506,2024-02-01,West,Clothing,Jacket,8,407,17.70923765483695,55-64,Male,3256,576.6127780414911
507,2024-10-02,West,Electronics,Camera,6,507,28.032164367250825,25-34,Male,3042,852.7384400517701
508,2024-01-25,North,Clothing,Shirt,5,943,22.06949301649421,18-24,Female,4715,1040.576595727702
509,2024-08-26,West,Clothing,Sweater,17,459,14.589725127581003,35-44,Male,7803,1138.4362517051457
510,2024-02-10,North,Furniture,Chair,9,508,25.31717780716909,45-54,Male,4572,1157.5013693437709
511,2024-01-19,West,Clothing,Shirt,1,746,24.872913627240433,35-44,Male,746,185.55193565921363
512,2024-03-14,North,Clothing,T-Shirt,11,438,17.245395795491817,45-54,Male,4818,830.8831694267958
513,2024-11-13,East,Clothing,Shirt,19,394,22.2376135402263,35-44,Female,7486,1664.7077496213408
514,2024-05-19,West,Electronics,Smartwatch,18,588,19.675203152563817,25-34,Female,10584,2082.4235016673542
515,2024-03-04,South,Furniture,Cabinet,15,821,23.986228845901067,18-24,Male,12315,2953.9040823727164
516,2024-01-26,West,Electronics,Camera,6,418,29.29140502749035,35-44,Male,2508,734.628438089458
517,2024-06-03,West,Electronics,Laptop,3,85,15.26183995928917,55-64,Female,255,38.91769189618738
518,2024-03-21,West,Clothing,T-Shirt,20,78,28.914317156912155,45-54,Female,1560,451.06334764782963
519,2024-09-17,North,Furniture,Cabinet,7,54,25.67918890707417,25-34,Female,378,97.06733406874037
520,2024-03-03,South,Clothing,Jeans,8,690,10.005745437092468,18-24,Female,5520,552.3171481275043
521,2024-12-23,East,Furniture,Cabinet,19,225,20.354854019785897,45-54,Female,4275,870.1700093458471
522,2024-10-07,East,Electronics,Smartphone,12,855,15.530156973942443,55-64,Female,10260,1593.3941055264947
523,2024-02-17,North,Furniture,Cabinet,14,538,12.129299127851532,35-44,Male,7532,913.5788103097773
524,2024-05-23,North,Furniture,Chair,18,852,25.86778515203206,55-64,Female,15336,3967.083530915637
525,2024-10-28,West,Furniture,Cabinet,15,717,19.214408829290242,25-34,Female,10755,2066.5096695901652
526,2024-04-22,North,Electronics,Smartwatch,13,668,25.773120372622913,35-44,Male,8684,2238.137773158574
527,2024-05-08,East,Clothing,Jeans,17,568,10.194463834288499,45-54,Female,9656,984.3774278388975
528,2024-06-12,West,Furniture,Sofa,18,973,13.569714945041456,35-44,Male,17514,2376.5998754745606
529,2024-12-08,East,Electronics,Camera,16,774,13.993330781886185,25-34,Male,12384,1732.934084028785
530,2024-02-04,South,Furniture,Table,20,384,13.119911369523178,25-34,Male,7680,1007.6091931793801
531,2024-08-19,North,Electronics,Smartwatch,16,400,22.413349496635334,55-64,Male,6400,1434.4543677846614
532,2024-03-02,South,Furniture,Cabinet,13,247,25.003387715915615,55-64,Female,3211,802.8587795580504
533,2024-11-25,West,Clothing,Sweater,17,375,17.87433845704796,55-64,Male,6375,1139.4890766368073
534,2024-11-07,North,Electronics,Smartwatch,11,725,10.168372096392508,55-64,Female,7975,810.9276746873024
535,2024-09-09,North,Furniture,Bed,20,902,15.194015381805961,35-44,Female,18040,2741.000374877796
536,2024-04-14,West,Electronics,Tablet,12,208,19.975400332203936,55-64,Female,2496,498.58599229181027
537,2024-10-22,East,Clothing,Jacket,15,204,21.42819436358499,45-54,Female,3060,655.7027475257007
538,2024-12-05,East,Electronics,Smartphone,13,220,12.916874706750727,25-34,Female,2860,369.4226166130708
539,2024-09-18,South,Furniture,Sofa,5,934,26.987798307933208,45-54,Female,4670,1260.3301809804807
540,2024-07-04,West,Clothing,Jacket,18,899,21.356690384106233,35-44,Female,16182,3455.939637956071
541,2024-08-24,North,Clothing,Jeans,16,879,22.59724424724309,25-34,Female,14064,3178.076430932268
542,2024-06-28,East,Furniture,Chair,12,40,18.23521809596382,35-44,Female,480,87.52904686062634
543,2024-09-16,South,Clothing,Shirt,10,383,16.501805733620053,55-64,Male,3830,632.019159597648
544,2024-03-21,North,Clothing,Sweater,15,666,29.13188861978774,45-54,Female,9990,2910.2756731167956
545,2024-06-21,West,Furniture,Cabinet,6,371,14.564358787757465,18-24,Male,2226,324.20262661548117
546,2024-08-14,West,Furniture,Chair,12,785,21.73839547052021,35-44,Female,9420,2047.7568533230037
547,2024-12-03,North,Electronics,Laptop,9,983,24.877506896957296,25-34,Male,8847,2200.9130351738117
548,2024-09-02,West,Electronics,Laptop,3,979,27.57381952899483,18-24,Male,2937,809.8430795665781
549,2024-07-10,North,Electronics,Smartwatch,20,179,11.686225333039859,18-24,Female,3580,418.36686692282694
550,2024-01-02,East,Electronics,Laptop,5,559,26.770355577857494,45-54,Male,2795,748.2314384011169
551,2024-08-05,East,Clothing,Jacket,18,977,15.448288552246282,45-54,Female,17586,2716.7360247980314
552,2024-11-18,South,Clothing,Shirt,19,465,20.469196087090147,55-64,Female,8835,1808.4534742944143
553,2024-07-09,West,Furniture,Chair,3,472,16.157363707688944,55-64,Male,1416,228.78827010087545
554,2024-01-23,North,Electronics,Tablet,12,313,19.383959104880525,18-24,Male,3756,728.0615039793125
555,2024-01-18,East,Furniture,Cabinet,10,631,14.62430787038317,18-24,Female,6310,922.793826621178
556,2024-12-21,West,Furniture,Table,13,275,13.265389906605776,55-64,Female,3575,474.23768916115654
557,2024-10-26,South,Furniture,Cabinet,14,660,14.79123629877121,35-44,Male,9240,1366.71023400646
558,2024-03-05,East,Clothing,Jacket,14,212,27.06964046783208,55-64,Female,2968,803.4269290852561
559,2024-04-11,West,Furniture,Sofa,9,737,22.45507560551107,55-64,Female,6633,1489.4451649135494
560,2024-03-23,North,Electronics,Laptop,6,124,15.642290751516093,55-64,Male,744,116.37864319127974
561,2024-07-10,South,Furniture,Sofa,1,525,14.343761703657039,18-24,Male,525,75.30474894419946
562,2024-03-02,West,Furniture,Chair,3,883,25.011391632503873,18-24,Female,2649,662.5517643450277
563,2024-05-27,North,Furniture,Cabinet,6,216,27.91397956632663,55-64,Female,1296,361.76517517959314
564,2024-01-07,North,Furniture,Sofa,15,273,24.75238025107017,25-34,Female,4095,1013.6099712813235
565,2024-11-24,South,Furniture,Sofa,10,978,16.461263769658125,45-54,Female,9780,1609.9115966725647
566,2024-01-28,North,Electronics,Camera,10,223,17.20853312127584,35-44,Female,2230,383.7502886044512
567,2024-05-19,North,Clothing,Jeans,11,35,13.34720712816572,25-34,Female,385,51.386747443438026
568,2024-12-20,South,Electronics,Smartwatch,19,822,23.815028291235965,18-24,Male,15618,3719.4311185252327
569,2024-06-25,North,Electronics,Tablet,16,113,23.718892875111827,25-34,Male,1808,428.83758318202183
570,2024-08-08,North,Clothing,T-Shirt,18,830,12.147833127651728,35-44,Male,14940,1814.886269271168
571,2024-12-05,East,Furniture,Bed,1,725,17.55537872883193,45-54,Male,725,127.27649578403148
572,2024-10-06,West,Furniture,Sofa,18,733,19.801839916374657,45-54,Female,13194,2612.654758566472
573,2024-03-03,East,Clothing,Jacket,20,956,27.21121721782093,45-54,Female,19120,5202.784732047362
574,2024-11-17,West,Clothing,Jeans,18,395,19.081579595911474,35-44,Female,7110,1356.7003092693058
575,2024-02-22,North,Furniture,Table,20,264,16.413881886154943,55-64,Female,5280,866.6529635889809
576,2024-06-14,South,Clothing,Sweater,18,177,22.260784847010534,55-64,Female,3186,709.2286052257556
577,2024-03-28,North,Clothing,Jacket,2,875,28.755990733172634,18-24,Male,1750,503.2298378305211
578,2024-07-22,North,Electronics,Laptop,4,52,21.42024362709398,45-54,Male,208,44.55410674435549
579,2024-01-07,East,Furniture,Bed,8,640,24.356903891395625,18-24,Female,5120,1247.073479239456
580,2024-07-27,North,Clothing,Sweater,12,591,24.869548818207363,45-54,Male,7092,1763.7484021872663
581,2024-04-17,East,Furniture,Sofa,3,874,16.078090977361107,55-64,Male,2622,421.56754542640823
582,2024-04-19,South,Electronics,Smartphone,7,217,20.523840435873943,55-64,Female,1519,311.7571362209252
583,2024-02-06,West,Clothing,Jeans,15,739,23.304847095470873,18-24,Female,11085,2583.3423005329464
584,2024-08-12,West,Electronics,Camera,6,566,29.968671441065627,55-64,Female,3396,1017.7360821385887
585,2024-10-08,East,Furniture,Bed,14,865,24.517353672303393,35-44,Female,12110,2969.051529715941
586,2024-07-01,South,Clothing,Shirt,12,483,18.949995779964986,45-54,Female,5796,1098.3417554067705
587,2024-05-01,East,Clothing,T-Shirt,17,158,29.868240191090784,55-64,Male,2686,802.2609315326985
588,2024-09-19,South,Furniture,Table,9,961,21.073263065706413,35-44,Male,8649,1822.6265225529476
589,2024-06-19,North,Clothing,Jeans,12,179,12.7681638695282,18-24,Female,2148,274.2601599174657
590,2024-04-24,East,Electronics,Laptop,19,429,21.381298738402396,35-44,Male,8151,1742.7896601671791
591,2024-10-21,West,Electronics,Tablet,19,859,28.153112842941887,25-34,Female,16321,4594.869547096546
592,2024-07-14,West,Furniture,Sofa,11,376,27.595850053003684,18-24,Male,4136,1141.3643581922324
593,2024-09-19,North,Electronics,Laptop,10,556,10.823645043271263,45-54,Male,5560,601.7946644058823
594,2024-10-17,South,Electronics,Tablet,13,476,25.056804060210613,25-34,Male,6188,1550.5150352458327
595,2024-08-19,West,Electronics,Laptop,5,155,16.723363560817404,35-44,Female,775,129.6060675963349
596,2024-12-05,West,Clothing,T-Shirt,13,533,18.68982222286241,35-44,Male,6929,1295.0177818221364
597,2024-12-17,South,Electronics,Smartwatch,19,220,21.223352196216112,45-54,Female,4180,887.1361218018335
598,2024-02-04,North,Electronics,Laptop,11,721,28.48276161790166,35-44,Female,7931,2258.9678239157806
599,2024-11-01,West,Clothing,Sweater,7,348,16.89049819020586,35-44,Female,2436,411.45253591341475
600,2024-04-07,East,Furniture,Table,20,169,18.80926848126613,55-64,Female,3380,635.7532746667952
601,2024-03-28,South,Clothing,Jacket,2,268,28.978818300515776,18-24,Male,536,155.32646609076454
602,2024-04-24,East,Furniture,Sofa,15,502,10.45496230302404,18-24,Female,7530,787.2586614177103
603,2024-03-23,South,Clothing,Jeans,18,514,22.460839857149658,55-64,Female,9252,2078.0769035834865
604,2024-04-26,West,Clothing,T-Shirt,9,194,11.202200991513362,55-64,Male,1746,195.59042931182327
605,2024-05-22,East,Clothing,Shirt,1,88,17.772902944739585,18-24,Female,88,15.640154591370834
606,2024-09-23,North,Clothing,Jacket,13,256,29.595857021317066,18-24,Female,3328,984.950121669432
607,2024-08-18,West,Electronics,Tablet,6,223,20.013016457377578,55-64,Male,1338,267.774160199712
608,2024-03-01,North,Clothing,T-Shirt,11,521,17.867996356545497,25-34,Female,5731,1024.0148711936224
609,2024-11-09,East,Furniture,Chair,17,302,26.23785720199491,35-44,Male,5134,1347.0515887504187
610,2024-03-03,East,Furniture,Sofa,11,938,17.85693193330344,25-34,Male,10318,1842.478236878249
611,2024-05-20,South,Clothing,Sweater,19,176,18.529299940248904,45-54,Male,3344,619.6197900019234
612,2024-04-28,South,Furniture,Cabinet,19,574,23.680972725168623,25-34,Male,10906,2582.64688540689
613,2024-02-18,South,Electronics,Tablet,19,959,13.160958337410719,45-54,Male,18221,2398.058218659607
614,2024-07-14,South,Clothing,T-Shirt,1,803,16.373748910446746,35-44,Male,803,131.48120375088737
615,2024-10-20,East,Furniture,Cabinet,4,154,13.694929931491346,25-34,Male,616,84.3607683779867
616,2024-02-23,South,Furniture,Bed,8,723,10.521689855942329,55-64,Male,5784,608.5745412677044
617,2024-03-07,West,Furniture,Table,13,523,19.476938417183266,35-44,Male,6799,1324.2370429842902
618,2024-04-25,West,Electronics,Smartphone,14,247,24.84733323325799,18-24,Female,3458,859.2207832060614
619,2024-04-14,South,Electronics,Smartphone,11,907,19.15089858883424,45-54,Female,9977,1910.6851522079921
620,2024-10-18,West,Furniture,Sofa,20,981,24.849357094158897,35-44,Female,19620,4875.443861873976
621,2024-09-18,North,Clothing,T-Shirt,2,918,29.91672743048096,45-54,Female,1836,549.2711156236305
622,2024-05-25,West,Furniture,Sofa,7,318,18.791077494329194,55-64,Male,2226,418.2893850237678
623,2024-09-05,South,Furniture,Cabinet,20,961,11.09093333631053,45-54,Female,19220,2131.677387238884
624,2024-12-18,North,Furniture,Cabinet,6,817,21.708954414403802,55-64,Male,4902,1064.1729453940743
625,2024-12-07,West,Electronics,Smartwatch,1,203,19.073614715086737,35-44,Female,203,38.71943787162608
626,2024-08-21,East,Furniture,Sofa,4,113,12.283298776481555,35-44,Male,452,55.52051046969663
627,2024-03-11,West,Furniture,Sofa,13,583,17.612140185222934,55-64,Male,7579,1334.824104638046
628,2024-12-25,South,Clothing,Jeans,2,449,16.161244110691293,25-34,Male,898,145.1279721140078
629,2024-05-01,South,Furniture,Chair,7,23,22.451206559746833,18-24,Male,161,36.1464425611924
630,2024-04-19,West,Furniture,Cabinet,20,923,19.86933592526292,55-64,Male,18460,3667.8794118035353
631,2024-04-18,West,Clothing,Sweater,3,635,22.002042085911782,45-54,Female,1905,419.13890173661946
632,2024-01-05,South,Furniture,Bed,5,76,23.065537564310404,18-24,Male,380,87.64904274437953
633,2024-03-06,East,Electronics,Camera,2,131,18.339138477107163,35-44,Male,262,48.04854281002076
634,2024-06-12,South,Clothing,Jacket,2,115,25.37023966003872,45-54,Female,230,58.35155121808905
635,2024-12-28,West,Furniture,Sofa,10,502,12.69091578156102,55-64,Male,5020,637.0839722343633
636,2024-10-24,West,Furniture,Chair,7,646,11.163691745594475,55-64,Male,4522,504.82214073578217
637,2024-05-17,North,Clothing,Shirt,14,643,26.95595939703115,45-54,Female,9002,2426.5754649207443
638,2024-08-26,East,Clothing,Shirt,17,766,22.63715214993672,25-34,Female,13022,2947.80995296476
639,2024-11-26,South,Electronics,Camera,1,141,10.47973595036352,35-44,Male,141,14.776427690012563
640,2024-11-07,West,Electronics,Laptop,11,378,21.20831009835653,45-54,Male,4158,881.8415338896646
641,2024-06-25,East,Electronics,Laptop,10,327,20.133792541920183,35-44,Male,3270,658.37501612079
642,2024-03-07,East,Electronics,Smartphone,19,650,29.202256505059804,35-44,Female,12350,3606.478678374886
643,2024-08-28,West,Furniture,Chair,5,513,13.107725773334575,45-54,Male,2565,336.21316608603183
644,2024-11-11,West,Clothing,Jacket,17,326,21.298852819944045,45-54,Male,5542,1180.382423281299
645,2024-05-27,North,Clothing,Shirt,12,87,29.39226584871186,25-34,Female,1044,306.85525546055186
646,2024-10-04,West,Electronics,Tablet,19,640,17.791325477865172,55-64,Male,12160,2163.425178108405
647,2024-06-15,North,Furniture,Chair,3,528,27.540974652415848,35-44,Female,1584,436.249038494267
648,2024-04-03,East,Furniture,Table,12,823,10.74790072110152,25-34,Male,9876,1061.462675215986
649,2024-12-28,North,Furniture,Bed,7,368,28.472735357801902,45-54,Male,2576,733.457662816977
650,2024-04-24,East,Clothing,Jacket,17,712,29.8544068832274,25-34,Male,12104,3613.5774091458447
651,2024-11-28,West,Electronics,Smartwatch,1,338,28.646746880416565,55-64,Male,338,96.826004455808
652,2024-12-10,East,Clothing,T-Shirt,4,553,25.323603698459905,45-54,Male,2212,560.1581138099332
653,2024-09-11,East,Electronics,Camera,7,217,15.731347542501917,25-34,Female,1519,238.9591691706041
654,2024-10-18,East,Furniture,Sofa,9,137,10.305134349807805,25-34,Male,1233,127.06230653313023
655,2024-12-26,South,Clothing,T-Shirt,18,346,15.42104201638055,55-64,Female,6228,960.4224967801806
656,2024-09-15,South,Furniture,Bed,10,647,27.844862094333603,25-34,Male,6470,1801.562577503384
657,2024-07-13,North,Electronics,Laptop,4,412,11.075997514444527,45-54,Male,1648,182.53243903804582
658,2024-12-25,West,Electronics,Camera,10,360,26.348839580736627,55-64,Female,3600,948.5582249065186
659,2024-12-15,North,Clothing,Shirt,3,852,26.047009962750828,45-54,Male,2556,665.7615746479112
660,2024-10-09,East,Electronics,Smartwatch,8,990,14.475889078337204,45-54,Female,7920,1146.4904150043067
661,2024-08-04,South,Furniture,Cabinet,15,519,10.605282644236862,35-44,Female,7785,825.6212538538398
662,2024-09-04,West,Furniture,Cabinet,12,638,21.493565161137877,25-34,Female,7656,1645.5473487367158
663,2024-10-14,East,Furniture,Sofa,10,565,19.219497054936955,55-64,Male,5650,1085.901583603938
664,2024-04-27,South,Electronics,Camera,16,413,11.321198693024241,55-64,Male,6608,748.1048096350419
665,2024-11-22,West,Clothing,Shirt,18,730,14.723086382908441,45-54,Female,13140,1934.6135507141692
666,2024-08-06,West,Electronics,Camera,11,588,11.953078183833219,18-24,Female,6468,773.1250969303325
667,2024-06-16,North,Furniture,Cabinet,20,809,26.397314575152247,55-64,Male,16180,4271.085498259634
668,2024-01-25,North,Clothing,T-Shirt,19,944,25.099770223518135,25-34,Male,17936,4501.894787290213
669,2024-04-07,West,Electronics,Laptop,13,650,21.558628297919,55-64,Female,8450,1821.7040911741556
670,2024-06-03,East,Clothing,Jacket,14,755,29.651606070267842,55-64,Female,10570,3134.1747616273105
671,2024-01-01,West,Clothing,T-Shirt,2,398,28.021513901484777,25-34,Female,796,223.05125065581885
672,2024-10-13,East,Clothing,Shirt,1,260,18.634310022327583,18-24,Female,260,48.449206058051715
673,2024-03-16,West,Clothing,Jacket,14,578,14.224321493877106,45-54,Female,8092,1151.0320952845354
674,2024-11-05,West,Electronics,Laptop,5,315,29.94912086020942,35-44,Female,1575,471.6986535482983
675,2024-03-03,North,Electronics,Smartphone,16,693,18.73470231517777,18-24,Male,11088,2077.3037927069113
676,2024-07-18,West,Electronics,Smartwatch,20,204,19.087887184234695,55-64,Female,4080,778.7857971167755
677,2024-08-28,East,Furniture,Cabinet,14,639,10.148599829962626,25-34,Male,8946,907.8937407884565
678,2024-12-12,East,Clothing,Jeans,2,58,21.362991554031986,45-54,Female,116,24.7810702026771
679,2024-05-15,West,Electronics,Camera,17,899,29.673367552545994,18-24,Male,15283,4534.980763055604
680,2024-10-10,North,Clothing,T-Shirt,3,720,22.673753282308162,25-34,Female,2160,489.75307089785633
681,2024-08-19,East,Clothing,T-Shirt,16,484,20.253262207814316,55-64,Male,7744,1568.4126253731406
682,2024-10-24,West,Clothing,Jacket,10,191,10.706524803497068,35-44,Female,1910,204.494623746794
683,2024-11-10,East,Furniture,Bed,19,193,21.45719990903435,18-24,Female,3667,786.8355206642897
684,2024-05-09,North,Clothing,Shirt,3,149,20.11192218614552,35-44,Female,447,89.90029217207048
685,2024-03-19,East,Electronics,Camera,1,779,12.23098808583938,35-44,Female,779,95.27939718868876
686,2024-08-06,West,Clothing,Jeans,9,821,24.015497451453786,35-44,Male,7389,1774.5051066879203
687,2024-08-25,East,Clothing,T-Shirt,20,976,26.434475355468734,18-24,Male,19520,5160.009589387497
688,2024-06-02,South,Furniture,Cabinet,7,611,24.68722221878663,45-54,Male,4277,1055.872494297504
689,2024-08-24,North,Clothing,Jacket,15,428,19.524638846720325,18-24,Male,6420,1253.481813959445
690,2024-07-01,West,Clothing,Jeans,9,168,20.608842651587388,45-54,Female,1512,311.6057008920013
691,2024-06-28,West,Furniture,Cabinet,4,959,20.625867044541856,35-44,Male,3836,791.2082598286256
692,2024-11-19,East,Furniture,Bed,9,841,11.965535768172728,35-44,Female,7569,905.6714022929938
693,2024-03-11,South,Furniture,Cabinet,17,365,23.554363204580294,55-64,Male,6205,1461.5482368442072
694,2024-11-15,North,Clothing,T-Shirt,14,120,20.505285278544914,18-24,Male,1680,344.48879267955454
695,2024-01-20,East,Furniture,Table,2,44,22.38794447361548,35-44,Male,88,19.701391136781623
696,2024-11-19,North,Clothing,Jeans,20,153,17.519168802558575,18-24,Male,3060,536.0865653582923
697,2024-11-15,South,Electronics,Smartphone,15,696,28.72364119823488,35-44,Female,10440,2998.7481410957216
698,2024-07-13,East,Furniture,Cabinet,3,303,25.542119005678202,35-44,Male,909,232.17786176161488
699,2024-04-20,East,Furniture,Sofa,15,91,19.834435728106197,35-44,Male,1365,270.74004768864955
700,2024-10-21,West,Furniture,Table,18,807,18.62507152831353,18-24,Male,14526,2705.4778902028233
701,2024-05-25,East,Electronics,Smartwatch,3,92,21.426891196898392,18-24,Male,276,59.13821970343956
702,2024-03-23,West,Furniture,Sofa,2,700,17.809676418667507,25-34,Male,1400,249.33546986134513
703,2024-12-25,North,Furniture,Cabinet,16,466,18.07825503409641,55-64,Female,7456,1347.9146953422285
704,2024-06-11,South,Electronics,Camera,16,144,21.344877710238706,18-24,Female,2304,491.7859824438998
705,2024-06-03,West,Clothing,Jacket,12,567,27.066841566700568,18-24,Male,6804,1841.6279001983066
706,2024-12-13,South,Furniture,Chair,13,696,13.820063218306055,25-34,Male,9048,1250.4393199923318
707,2024-01-24,West,Electronics,Tablet,7,163,10.713965772553193,18-24,Female,1141,122.24634946483192
708,2024-09-27,West,Clothing,Jeans,18,678,16.15461759264531,45-54,Male,12204,1971.5095310064335
709,2024-07-04,North,Furniture,Sofa,11,826,24.42023978275277,35-44,Male,9086,2218.8229866609167
710,2024-01-24,West,Electronics,Camera,19,258,28.496316235070445,55-64,Male,4902,1396.8894218431533
711,2024-01-06,North,Electronics,Smartwatch,8,738,22.97572838225033,45-54,Male,5904,1356.4870036880595
712,2024-02-27,East,Clothing,T-Shirt,20,194,26.70704313979186,18-24,Female,3880,1036.2332738239243
713,2024-06-26,West,Electronics,Smartphone,3,843,14.052822802396337,55-64,Male,2529,355.39588867260335
714,2024-04-25,East,Clothing,Sweater,11,876,29.293847798273216,18-24,Male,9636,2822.7551738416073
715,2024-07-06,South,Electronics,Camera,4,300,12.824736052386474,35-44,Male,1200,153.89683262863767
716,2024-11-20,South,Clothing,Jacket,19,61,12.667417541141486,45-54,Male,1159,146.8153693018298
717,2024-02-23,North,Furniture,Table,1,27,13.588257122954273,45-54,Male,27,3.668829423197654
718,2024-05-17,East,Clothing,Shirt,5,231,12.86175722477223,45-54,Female,1155,148.55329594611925
719,2024-10-03,South,Furniture,Cabinet,20,204,24.34397511182541,25-34,Male,4080,993.2341845624767
720,2024-09-04,East,Clothing,Jacket,18,261,13.838057237492176,45-54,Male,4698,650.1119290173824
721,2024-03-22,South,Clothing,Jacket,9,74,13.87437986026393,45-54,Male,666,92.40336986935777
722,2024-04-14,South,Furniture,Cabinet,2,680,17.283861381570176,25-34,Male,1360,235.0605147893544
723,2024-03-26,West,Furniture,Chair,2,967,20.747212793810306,18-24,Male,1934,401.2510954322913
724,2024-07-07,North,Electronics,Smartwatch,15,626,21.595235515530753,18-24,Male,9390,2027.7926149083378
725,2024-07-28,South,Clothing,Jacket,8,120,14.742367228530028,18-24,Female,960,141.52672539388826
726,2024-07-05,South,Electronics,Smartwatch,19,516,11.086787118090516,18-24,Female,9804,1086.9486090575942
727,2024-04-21,West,Electronics,Camera,12,159,19.15480386016089,25-34,Female,1908,365.4736576518698
728,2024-05-05,South,Furniture,Chair,2,728,21.37331665451105,35-44,Male,1456,311.1954904896809
729,2024-10-06,West,Electronics,Smartwatch,11,245,27.728179439181314,45-54,Male,2695,747.2744358859364
730,2024-08-28,South,Clothing,Shirt,3,441,27.139475274349568,55-64,Male,1323,359.0552578796448
731,2024-04-08,West,Electronics,Camera,1,767,18.56220733168406,45-54,Female,767,142.37213023401674
732,2024-01-02,South,Furniture,Cabinet,19,939,10.101551624800539,55-64,Male,17841,1802.2178253806642
733,2024-02-15,North,Furniture,Bed,16,849,25.960350289442168,45-54,Female,13584,3526.453983317824
734,2024-06-10,North,Furniture,Table,14,992,14.360129703985452,55-64,Male,13888,1994.3348132894994
735,2024-10-24,North,Electronics,Smartphone,6,740,19.185656734991387,45-54,Female,4440,851.8431590336176
736,2024-06-21,West,Clothing,T-Shirt,13,209,25.797174255781144,45-54,Male,2717,700.9092245295737
737,2024-05-23,North,Furniture,Sofa,17,53,15.931799624249674,45-54,Female,901,143.54551461448958
738,2024-11-12,South,Clothing,Shirt,2,547,28.90644459575476,18-24,Female,1094,316.2365038775571
739,2024-03-21,West,Electronics,Smartphone,20,61,17.31142287946239,35-44,Female,1220,211.19935912944118
740,2024-08-24,South,Clothing,T-Shirt,8,572,12.271153576528786,25-34,Female,4576,561.5279876619572
741,2024-05-02,South,Clothing,Jeans,9,535,23.604534778435397,35-44,Female,4815,1136.5583495816643
742,2024-08-23,East,Electronics,Tablet,17,559,26.591196525500628,45-54,Female,9503,2526.9614058183247
743,2024-08-03,East,Clothing,Shirt,3,212,27.838064265844075,45-54,Female,636,177.05008873076832
744,2024-12-05,South,Electronics,Smartwatch,4,188,15.518854724172439,35-44,Male,752,116.70178752577675
745,2024-09-05,South,Furniture,Table,10,446,29.39149211084893,55-64,Male,4460,1310.8605481438624
746,2024-04-27,West,Furniture,Chair,10,213,11.258990171855183,45-54,Male,2130,239.8164906605154
747,2024-12-17,West,Clothing,Jacket,11,517,21.867145101108452,55-64,Female,5687,1243.5845419000377
748,2024-04-16,West,Clothing,Sweater,10,195,25.78535411656014,35-44,Male,1950,502.8144052729227
749,2024-10-06,North,Furniture,Chair,10,486,29.124277109855868,25-34,Female,4860,1415.4398675389953
750,2024-01-11,East,Clothing,Shirt,5,185,14.758106487530071,25-34,Male,925,136.51248500965315
751,2024-01-22,West,Clothing,Jeans,6,230,21.249744848479985,35-44,Female,1380,293.2464789090238
752,2024-02-01,South,Furniture,Chair,18,186,20.67285914742347,35-44,Female,3348,692.1273242557378
753,2024-09-17,South,Furniture,Cabinet,5,24,29.403003266229476,45-54,Female,120,35.283603919475375
754,2024-08-11,West,Furniture,Chair,19,766,28.137615758522166,35-44,Male,14554,4095.148597495316
755,2024-07-20,West,Clothing,T-Shirt,18,139,16.161644015430745,18-24,Male,2502,404.3643332660772
756,2024-10-17,East,Electronics,Smartwatch,2,642,22.826253055803438,18-24,Female,1284,293.08908923651614
757,2024-11-03,South,Electronics,Tablet,18,889,18.90916163877597,18-24,Male,16002,3025.8440454369306
758,2024-01-22,South,Clothing,Sweater,20,639,20.231116852671228,45-54,Female,12780,2585.536733771383
759,2024-06-12,South,Furniture,Cabinet,13,401,10.243815822102182,45-54,Female,5213,534.0101188061867
760,2024-03-26,North,Furniture,Cabinet,14,842,18.850087268446984,25-34,Female,11788,2222.0482872045304
761,2024-09-11,West,Clothing,Sweater,5,232,16.06462277093725,25-34,Male,1160,186.34962414287213
762,2024-07-06,West,Electronics,Camera,14,674,28.288209926087983,18-24,Male,9436,2669.2754886256616
763,2024-01-27,South,Clothing,Sweater,13,316,21.077338530210497,25-34,Male,4108,865.8570668210472
764,2024-03-09,East,Furniture,Bed,8,47,25.824390948183336,45-54,Female,376,97.09970996516935
765,2024-11-08,North,Furniture,Cabinet,6,523,28.135863943076608,35-44,Female,3138,882.9034105337439
766,2024-08-19,East,Electronics,Smartphone,20,783,17.23519020990517,45-54,Male,15660,2699.0307868711493
767,2024-05-06,West,Furniture,Chair,17,770,21.50527373217718,18-24,Female,13090,2815.040331541993
768,2024-05-12,South,Clothing,T-Shirt,5,385,13.266177036298561,35-44,Female,1925,255.3739079487473
769,2024-09-07,North,Furniture,Chair,17,674,28.72634039473931,35-44,Female,11458,3291.4640824292305
770,2024-11-26,North,Clothing,Jeans,18,350,27.448862689168813,55-64,Male,6300,1729.2783494176351
771,2024-05-12,East,Furniture,Chair,5,33,12.738988923753908,18-24,Female,165,21.019331724193947
772,2024-04-26,East,Furniture,Cabinet,7,178,20.06765786127947,25-34,Male,1246,250.04301695154223
773,2024-01-16,North,Clothing,Shirt,3,139,26.376894881014845,45-54,Female,417,109.99165165383191
774,2024-06-06,East,Furniture,Chair,20,555,25.271790917234338,25-34,Female,11100,2805.1687918130115
775,2024-12-08,North,Clothing,Jacket,5,897,23.884884736293454,18-24,Male,4485,1071.2370804227614
776,2024-02-03,South,Furniture,Table,14,727,25.260473755602497,25-34,Male,10178,2571.011018845222
777,2024-09-19,West,Electronics,Smartwatch,4,53,25.861103633014686,18-24,Male,212,54.82553970199114
778,2024-02-26,North,Electronics,Smartwatch,3,328,23.35172847066408,35-44,Male,984,229.78100815133456
779,2024-02-05,South,Electronics,Camera,6,706,17.030673329421745,55-64,Male,4236,721.4193222343051
780,2024-04-17,East,Clothing,Jacket,17,819,24.571081789278452,35-44,Male,13923,3421.0317175212385
781,2024-05-06,North,Clothing,T-Shirt,17,242,24.316232680014895,55-64,Male,4114,1000.3698124558127
782,2024-08-22,North,Clothing,T-Shirt,12,734,21.78761142270651,25-34,Female,8808,1919.0528141119896
783,2024-02-25,East,Electronics,Laptop,7,546,14.55108425134092,45-54,Female,3822,556.14244008625
784,2024-05-18,West,Furniture,Sofa,16,800,17.22500915895863,18-24,Male,12800,2204.801172346705
785,2024-10-24,North,Clothing,T-Shirt,4,414,15.67222885145929,35-44,Female,1656,259.53210978016585
786,2024-02-27,South,Furniture,Cabinet,10,895,18.55923327636495,55-64,Female,8950,1661.051378234663
787,2024-11-22,South,Furniture,Chair,4,425,18.761167008081433,18-24,Female,1700,318.93983913738435
788,2024-03-03,South,Electronics,Smartphone,19,124,24.828643191649064,45-54,Female,2356,584.9628335952519
789,2024-12-16,East,Furniture,Table,4,258,26.762182626829176,25-34,Female,1032,276.1857247088771
790,2024-07-16,East,Furniture,Bed,16,702,22.06330864878577,45-54,Female,11232,2478.150827431618
791,2024-04-21,South,Clothing,Jacket,4,276,19.78682763833907,45-54,Male,1104,218.44657712726334
792,2024-03-13,North,Electronics,Smartphone,16,714,10.534977759729705,18-24,Male,11424,1203.5158592715215
793,2024-08-26,South,Clothing,Jacket,3,696,25.032194930307405,35-44,Male,2088,522.6722301448186
794,2024-09-18,East,Furniture,Table,17,287,20.84876229518885,45-54,Female,4879,1017.211112382264
795,2024-08-15,West,Electronics,Smartphone,15,342,27.057485785534464,18-24,Female,5130,1388.0490207979178
796,2024-05-23,South,Electronics,Smartphone,6,523,18.613622357620038,55-64,Female,3138,584.0954695821168
797,2024-08-16,North,Furniture,Cabinet,18,721,20.787847723396155,55-64,Female,12978,2697.846877542353
798,2024-10-22,North,Clothing,Jeans,16,625,29.417415168553248,45-54,Female,10000,2941.741516855325
799,2024-06-12,East,Furniture,Chair,19,66,12.56396127297493,18-24,Male,1254,157.55207436310562
800,2024-06-14,North,Clothing,Shirt,4,458,16.90286055087231,35-44,Female,1832,309.66040529198074
801,2024-12-03,South,Furniture,Sofa,10,626,11.698834733722956,25-34,Male,6260,732.347054331057
802,2024-11-28,East,Furniture,Sofa,18,353,10.74755243374547,25-34,Male,6354,682.8994816401871
803,2024-06-13,West,Furniture,Bed,16,622,10.444729028011078,35-44,Male,9952,1039.4594328676626
804,2024-04-11,East,Clothing,Sweater,16,122,23.81727929042448,55-64,Male,1952,464.91329174908583
805,2024-11-28,East,Furniture,Bed,12,466,14.035172536514953,25-34,Female,5592,784.8468482419162
806,2024-07-26,South,Electronics,Camera,2,324,29.92455386720906,35-44,Female,648,193.9111090595147
807,2024-10-26,North,Electronics,Camera,19,364,15.467298636923697,55-64,Male,6916,1069.718373729643
808,2024-09-26,West,Clothing,Sweater,3,687,26.474778995193095,25-34,Female,2061,545.6451950909297
809,2024-08-22,East,Furniture,Cabinet,13,277,22.49927751948971,25-34,Female,3601,810.1989834768243
810,2024-12-15,North,Clothing,Jeans,19,531,14.259056100369424,55-64,Male,10089,1438.5961699662712
811,2024-03-08,West,Furniture,Bed,17,225,17.285493383182093,55-64,Male,3825,661.170121906715
812,2024-07-09,West,Electronics,Tablet,3,669,14.07116082995638,45-54,Female,2007,282.40819785722454
813,2024-04-01,East,Furniture,Table,13,264,12.27117153256569,55-64,Male,3432,421.14660699765443
814,2024-04-06,West,Electronics,Tablet,14,682,28.113112455159982,45-54,Female,9548,2684.239977218675
815,2024-01-24,North,Furniture,Table,18,200,22.885876424986275,35-44,Female,3600,823.891551299506
816,2024-07-12,North,Furniture,Sofa,20,325,27.34343559497322,18-24,Female,6500,1777.323313673259
817,2024-02-17,West,Clothing,T-Shirt,4,604,24.689608141816933,25-34,Male,2416,596.5009327062971
818,2024-06-11,East,Clothing,Shirt,8,634,12.445536669074128,45-54,Male,5072,631.2376198554398
819,2024-05-15,South,Clothing,Sweater,5,129,13.503085108713602,45-54,Male,645,87.09489895120274
820,2024-08-22,North,Furniture,Chair,4,344,20.91490066405852,45-54,Female,1376,287.78903313744524
821,2024-11-20,South,Electronics,Tablet,12,861,16.163427981894344,35-44,Female,10332,1670.0053790893237
822,2024-06-26,South,Electronics,Smartphone,10,674,29.169672235938428,35-44,Female,6740,1966.0359087022503
823,2024-05-10,South,Clothing,T-Shirt,1,951,29.214959352161816,45-54,Female,951,277.8342634390589
824,2024-11-14,East,Electronics,Laptop,15,666,16.343687158743627,25-34,Male,9990,1632.7343471584882
825,2024-12-14,North,Electronics,Tablet,14,968,26.823269327390523,45-54,Female,13552,3635.089459247964
826,2024-09-24,East,Electronics,Laptop,12,450,22.042318840210378,55-64,Male,5400,1190.2852173713604
827,2024-01-13,North,Furniture,Cabinet,15,830,22.821976115717323,18-24,Male,12450,2841.336026406807
828,2024-12-25,East,Electronics,Tablet,4,181,14.992071318084879,55-64,Male,724,108.54259634293452
829,2024-05-06,West,Clothing,Jeans,16,914,24.70344217620936,35-44,Female,14624,3612.631383848857
830,2024-07-13,East,Clothing,Shirt,3,444,17.35199126331348,35-44,Male,1332,231.12852362733557
831,2024-12-28,North,Clothing,Jeans,3,493,13.965324053434006,18-24,Male,1479,206.54714275028894
832,2024-06-06,West,Electronics,Smartphone,20,286,12.985024018445799,55-64,Female,5720,742.7433738550997
833,2024-02-08,North,Clothing,T-Shirt,15,867,23.47220085474089,55-64,Female,13005,3052.5597211590525
834,2024-04-20,South,Clothing,Jeans,16,411,12.603986625568357,35-44,Female,6576,828.8381604973752
835,2024-05-09,South,Electronics,Tablet,14,831,12.918857042308616,45-54,Male,11634,1502.9798283021844
836,2024-02-01,West,Electronics,Camera,19,720,22.944711366022247,25-34,Female,13680,3138.8365148718435
837,2024-10-09,East,Furniture,Table,13,745,18.465819021478907,45-54,Male,9685,1788.4145722302324
838,2024-10-22,North,Electronics,Smartphone,8,502,28.164530747279773,18-24,Female,4016,1131.0875548107556
839,2024-03-18,North,Clothing,T-Shirt,10,424,23.425240422919572,35-44,Female,4240,993.2301939317898
840,2024-08-05,South,Electronics,Camera,17,524,28.60653882312428,35-44,Male,8908,2548.270478363911
841,2024-03-16,West,Electronics,Tablet,4,340,10.883243229764192,25-34,Female,1360,148.012107924793
842,2024-05-17,West,Furniture,Chair,20,869,25.23127837877227,35-44,Female,17380,4385.196182230621
843,2024-11-21,South,Furniture,Cabinet,5,589,27.060673225351096,35-44,Female,2945,796.9368264865897
844,2024-05-06,South,Furniture,Sofa,8,207,10.717244963384795,25-34,Male,1656,177.4775765936522
845,2024-12-18,West,Clothing,Sweater,2,472,17.1304023249177,18-24,Female,944,161.7109979472231
846,2024-05-06,West,Furniture,Cabinet,4,377,11.871557564099684,18-24,Male,1508,179.02308806662325
847,2024-10-06,East,Electronics,Camera,19,24,20.52030813199991,55-64,Male,456,93.57260508191959
848,2024-11-04,South,Furniture,Sofa,11,46,15.685625028805783,45-54,Male,506,79.36926264575726
849,2024-12-22,North,Furniture,Chair,1,103,19.204663609072448,35-44,Male,103,19.78080351734462
850,2024-08-11,East,Furniture,Cabinet,11,64,23.123455140347012,55-64,Male,704,162.78912418804296
851,2024-12-03,South,Clothing,Shirt,10,350,25.962939419677113,25-34,Male,3500,908.7028796886989
852,2024-07-03,West,Clothing,Shirt,9,202,14.801602656401588,18-24,Female,1818,269.0931362933809
853,2024-11-05,South,Electronics,Laptop,10,682,25.051171325807637,45-54,Female,6820,1708.489884420081
854,2024-02-27,West,Electronics,Tablet,20,154,17.180885175693078,45-54,Female,3080,529.1712634113468
855,2024-10-14,South,Furniture,Bed,13,507,15.369588071563403,45-54,Female,6591,1013.0095497967438
856,2024-01-17,East,Electronics,Smartwatch,14,665,18.520341976426163,55-64,Male,9310,1724.2438380052758
857,2024-02-10,South,Furniture,Cabinet,17,664,22.944507826071646,25-34,Female,11288,2589.976043406967
858,2024-05-27,North,Furniture,Cabinet,5,150,23.686278745964707,45-54,Female,750,177.64709059473532
859,2024-09-04,West,Electronics,Camera,18,98,28.346040255590513,35-44,Male,1764,500.02415010861665
860,2024-05-19,West,Clothing,Sweater,19,852,15.067606621303803,18-24,Female,16188,2439.1441598566594
861,2024-07-02,North,Electronics,Camera,6,825,13.644162691073092,18-24,Female,4950,675.3860532081181
862,2024-06-28,East,Electronics,Smartwatch,15,658,26.15668136851108,35-44,Female,9870,2581.664451072044
863,2024-01-13,South,Electronics,Laptop,4,464,20.687520059632543,18-24,Female,1856,383.96037230677996
864,2024-12-20,South,Electronics,Smartphone,13,909,23.154341871411177,45-54,Female,11817,2736.1485789446583
865,2024-03-05,East,Clothing,Sweater,13,843,16.053133172934523,55-64,Female,10959,1759.2628644218942
866,2024-03-21,North,Electronics,Laptop,1,234,19.622343875262622,18-24,Male,234,45.91628466811454
867,2024-01-04,South,Electronics,Smartwatch,15,171,19.479781750124577,18-24,Female,2565,499.6564018906954
868,2024-04-07,West,Electronics,Laptop,1,900,18.99032556790505,45-54,Female,900,170.91293011114544
869,2024-12-14,West,Furniture,Bed,1,125,22.60819760674678,18-24,Female,125,28.260247008433474
870,2024-12-20,East,Furniture,Cabinet,13,517,20.267114429330718,18-24,Female,6721,1362.1527607953176
871,2024-02-09,South,Clothing,Sweater,14,610,16.317003004738044,18-24,Male,8540,1393.472056604629
872,2024-08-23,West,Clothing,Sweater,20,981,22.923596254999055,18-24,Female,19620,4497.609585230814
873,2024-09-08,South,Furniture,Sofa,16,372,18.762213771358596,35-44,Male,5952,1116.7269636712635
874,2024-11-21,West,Clothing,Jacket,13,446,26.66161491590693,25-34,Female,5798,1545.8404328242839
875,2024-11-16,West,Clothing,Jacket,10,727,24.98508603665112,25-34,Male,7270,1816.4157548645362
876,2024-08-10,South,Electronics,Laptop,4,832,18.31968723879079,25-34,Female,3328,609.6791913069575
877,2024-03-27,North,Electronics,Laptop,9,385,23.538557165653327,18-24,Female,3465,815.6110057898877
878,2024-09-08,North,Clothing,T-Shirt,4,652,14.533805120093826,35-44,Female,2608,379.04163753204693
879,2024-12-28,East,Furniture,Chair,18,293,27.926353983756655,35-44,Male,5274,1472.835909103326
880,2024-02-26,North,Clothing,Shirt,15,881,25.115286724408094,18-24,Female,13215,3318.9851406305297
881,2024-02-28,North,Clothing,Shirt,17,127,13.340925966192202,55-64,Male,2159,288.03059161008963
882,2024-02-05,South,Electronics,Tablet,17,530,24.651037882341846,35-44,Female,9010,2221.0585131990006
883,2024-01-08,East,Clothing,Jacket,7,469,29.392733337841904,25-34,Male,3283,964.9634354813497
884,2024-07-12,East,Furniture,Chair,3,292,17.44872714805599,55-64,Male,876,152.85084981697048
885,2024-07-14,South,Clothing,Jeans,8,161,26.03537357282979,55-64,Female,1288,335.3356116180477
886,2024-09-03,East,Furniture,Bed,5,808,10.19897426927473,18-24,Female,4040,412.0385604786991
887,2024-01-22,East,Electronics,Tablet,14,82,17.865325325607117,45-54,Male,1148,205.09393473796968
888,2024-12-18,North,Clothing,Jeans,14,431,27.71565700782398,55-64,Female,6034,1672.362743852099
889,2024-12-13,East,Furniture,Chair,17,645,28.409011832902106,18-24,Female,10965,3115.048147477716
890,2024-01-18,West,Furniture,Table,7,922,16.03062824670686,35-44,Female,6454,1034.6167470424607
891,2024-05-17,South,Furniture,Cabinet,7,115,20.233432136742152,55-64,Female,805,162.87912870077432
892,2024-12-14,North,Furniture,Table,8,872,25.483155742875052,18-24,Female,6976,1777.7049446229637
893,2024-11-04,North,Clothing,T-Shirt,17,382,12.476260371168383,35-44,Female,6494,810.2083485036748
894,2024-10-19,North,Furniture,Chair,8,844,24.91516142919661,45-54,Female,6752,1682.271699699355
895,2024-12-19,South,Clothing,Shirt,10,702,25.695785256487014,35-44,Female,7020,1803.8441250053884
896,2024-04-27,West,Clothing,Jeans,4,355,20.32903650140301,55-64,Male,1420,288.67231831992274
897,2024-07-05,North,Furniture,Cabinet,14,103,11.844972232311019,25-34,Female,1442,170.8044995899249
898,2024-09-25,West,Furniture,Table,17,432,21.764789157952137,18-24,Female,7344,1598.406115760005
899,2024-03-05,West,Furniture,Chair,16,769,29.46544966353809,45-54,Female,12304,3625.4289266017267
900,2024-12-07,West,Clothing,Jeans,17,903,20.58282213182124,45-54,Male,15351,3159.6690254558785
901,2024-02-04,North,Furniture,Cabinet,4,636,27.046355964037755,25-34,Female,2544,688.0592957251205
902,2024-06-10,East,Furniture,Bed,4,400,16.098491846176998,18-24,Male,1600,257.57586953883197
903,2024-05-10,North,Furniture,Cabinet,19,451,10.9730209316046,25-34,Male,8569,940.278163629198
904,2024-01-14,West,Electronics,Laptop,18,377,11.35129077291884,18-24,Male,6786,770.2985918502725
905,2024-12-27,East,Furniture,Bed,11,820,17.546112608198456,55-64,Female,9020,1582.659357259501
906,2024-12-11,South,Clothing,Jeans,15,703,18.981494776752974,55-64,Female,10545,2001.5986242086012
907,2024-11-15,West,Electronics,Camera,13,367,20.81988901582654,45-54,Male,4771,993.3169049450843
908,2024-12-10,North,Clothing,Jacket,19,665,25.92317562872099,25-34,Male,12635,3275.393240688897
909,2024-08-17,North,Clothing,T-Shirt,19,554,13.787917457604195,25-34,Male,10526,1451.3161915874175
910,2024-10-15,South,Electronics,Smartphone,7,271,26.59381102109219,18-24,Female,1897,504.4845950701188
911,2024-06-14,East,Electronics,Camera,16,902,28.676975670943147,45-54,Male,14432,4138.661128830515
912,2024-02-18,North,Electronics,Smartwatch,13,283,11.820501702225897,55-64,Female,3679,434.8762576248908
913,2024-07-22,South,Electronics,Tablet,3,177,16.1358843672521,25-34,Female,531,85.68154599010865
914,2024-06-05,East,Electronics,Smartphone,2,325,17.798794224671155,25-34,Male,650,115.69216246036251
915,2024-10-19,East,Furniture,Chair,2,227,14.792459272166152,45-54,Male,454,67.15776509563433
916,2024-07-03,West,Electronics,Smartwatch,2,345,19.296470664906664,18-24,Female,690,133.145647587856
917,2024-11-04,West,Furniture,Sofa,9,587,29.269493756618004,25-34,Male,5283,1546.3073551621292
918,2024-09-07,South,Electronics,Camera,15,105,26.92555705246314,35-44,Female,1575,424.0775235762945
919,2024-08-27,South,Electronics,Tablet,18,482,10.835841596275724,25-34,Female,8676,940.1176168928818
920,2024-11-13,South,Clothing,Jacket,16,299,21.957355030013463,18-24,Male,4784,1050.439864635844
921,2024-02-13,East,Furniture,Table,18,596,11.398704394793263,18-24,Male,10728,1222.8530074734213
922,2024-06-22,South,Clothing,T-Shirt,14,235,22.20890618932549,55-64,Female,3290,730.6730136288086
923,2024-10-11,West,Furniture,Chair,11,369,14.212477871745726,35-44,Male,4059,576.884476814159
924,2024-03-14,North,Electronics,Laptop,1,943,10.191572259769796,55-64,Female,943,96.10652640962917
925,2024-11-15,West,Clothing,Sweater,3,571,10.618950410570529,55-64,Male,1713,181.90262053307316
926,2024-12-01,East,Clothing,T-Shirt,13,201,26.782915855641043,45-54,Female,2613,699.8375913079004
927,2024-05-22,East,Electronics,Smartwatch,1,246,24.862888905373463,25-34,Female,246,61.162706707218724
928,2024-06-02,South,Clothing,Jacket,8,259,29.602382405669786,18-24,Female,2072,613.361363445478
929,2024-10-17,South,Furniture,Cabinet,13,133,27.3983246501308,18-24,Male,1729,473.71703320076153
930,2024-02-05,South,Furniture,Table,3,622,12.564927897747374,55-64,Male,1866,234.46155457196602
931,2024-12-22,South,Furniture,Bed,7,888,23.559574339258297,55-64,Female,6216,1464.4631409282958
932,2024-11-21,East,Clothing,Shirt,1,980,18.542289531374912,55-64,Female,980,181.71443740747415
933,2024-08-12,West,Electronics,Tablet,4,716,20.365905384210755,45-54,Female,2864,583.2795302037961
934,2024-01-13,South,Clothing,T-Shirt,14,565,18.977229940331277,18-24,Female,7910,1501.098888280204
935,2024-02-08,North,Electronics,Tablet,8,726,18.47640513744588,55-64,Male,5808,1073.1096103828568
936,2024-01-19,East,Electronics,Laptop,4,48,19.59932840346529,35-44,Male,192,37.63071053465335
937,2024-01-27,East,Clothing,Jacket,16,264,29.17605315756827,25-34,Male,4224,1232.3964853756836
938,2024-02-03,South,Furniture,Bed,4,660,18.92912381573535,18-24,Female,2640,499.7288687354132
939,2024-08-02,West,Electronics,Smartphone,5,83,28.382315755246147,35-44,Male,415,117.78661038427151
940,2024-07-13,West,Furniture,Bed,2,592,11.044062867003197,18-24,Male,1184,130.76170434531784
941,2024-07-20,West,Electronics,Camera,15,413,19.284181862349016,25-34,Male,6195,1194.6550663725216
942,2024-02-04,East,Clothing,T-Shirt,17,356,21.756267129254535,18-24,Female,6052,1316.6892866624846
943,2024-05-12,North,Electronics,Camera,19,149,22.747274713054004,55-64,Male,2831,643.9753471265589
944,2024-03-10,West,Furniture,Cabinet,5,836,10.881415763570544,25-34,Male,4180,454.84317891724874
945,2024-06-10,East,Clothing,Sweater,5,500,16.173488289613942,35-44,Male,2500,404.33720724034856
946,2024-01-14,South,Furniture,Sofa,17,858,26.703498595871018,18-24,Male,14586,3894.9723051937467
947,2024-12-23,South,Furniture,Table,11,213,23.357202779609718,25-34,Male,2343,547.2592611262556
948,2024-03-04,East,Furniture,Bed,20,326,18.373905767294623,55-64,Female,6520,1197.9786560276093
949,2024-10-07,West,Furniture,Sofa,8,729,14.605480204006545,25-34,Male,5832,851.7916054976616
950,2024-01-12,East,Electronics,Smartwatch,13,208,26.52168646303982,45-54,Male,2704,717.1464019605967
951,2024-11-19,East,Electronics,Smartphone,5,317,18.808162390351807,18-24,Male,1585,298.1093738870761
952,2024-05-24,North,Furniture,Sofa,10,198,14.378900808897946,25-34,Male,1980,284.7022360161793
953,2024-02-01,South,Electronics,Tablet,1,200,26.857628414301363,25-34,Male,200,53.715256828602726
954,2024-06-26,West,Clothing,Jeans,7,332,19.12407357098906,18-24,Female,2324,444.4434697897858
955,2024-04-07,West,Furniture,Table,5,923,28.48310934466044,18-24,Male,4615,1314.4954962560794
956,2024-10-19,East,Clothing,Sweater,8,963,10.923903847200032,35-44,Female,7704,841.5775523882905
957,2024-05-28,East,Electronics,Camera,8,74,22.58918282324253,25-34,Female,592,133.72796231359578
958,2024-02-06,West,Electronics,Camera,16,829,23.270043971372612,25-34,Male,13264,3086.538632362863
959,2024-09-23,East,Clothing,Sweater,6,349,24.249737467449712,45-54,Female,2094,507.789502568397
960,2024-04-07,West,Furniture,Cabinet,19,685,10.732089758992133,35-44,Female,13015,1396.781482132826
961,2024-03-27,West,Furniture,Table,14,930,17.54165926149046,25-34,Female,13020,2283.924035846058
962,2024-04-19,North,Furniture,Chair,10,475,20.376414411004625,25-34,Male,4750,967.8796845227196
963,2024-08-11,East,Electronics,Smartwatch,15,462,18.17905550711035,45-54,Female,6930,1259.8085466427472
964,2024-06-03,North,Furniture,Cabinet,8,291,22.907097052915162,25-34,Female,2328,533.277219391865
965,2024-01-18,North,Furniture,Bed,4,141,11.426973545586598,35-44,Male,564,64.44813079710842
966,2024-11-28,South,Electronics,Tablet,10,783,26.311295594048925,35-44,Female,7830,2060.174445014031
967,2024-06-26,South,Furniture,Table,1,808,15.989483040846178,55-64,Female,808,129.19502297003712
968,2024-12-07,North,Furniture,Cabinet,13,253,14.538526046773177,45-54,Male,3289,478.1721216783698
969,2024-07-25,West,Furniture,Table,3,340,26.916033355570814,45-54,Female,1020,274.5435402268223
970,2024-10-28,South,Clothing,Sweater,18,50,17.494003346405954,45-54,Female,900,157.44603011765358
971,2024-11-25,North,Electronics,Tablet,11,250,18.38294631626,45-54,Female,2750,505.53102369715003
972,2024-03-05,East,Furniture,Bed,19,824,10.644179869017629,35-44,Male,15656,1666.4528002934
973,2024-04-16,West,Furniture,Bed,13,85,20.689811615114486,45-54,Male,1105,228.62241834701507
974,2024-03-02,West,Electronics,Tablet,6,126,23.49771075739067,35-44,Male,756,177.64269332587347
975,2024-07-10,West,Clothing,Shirt,7,91,28.226906204669856,18-24,Male,637,179.805392523747
976,2024-01-06,East,Electronics,Laptop,15,78,17.37304531313951,55-64,Male,1170,203.26463016373225
977,2024-12-03,West,Furniture,Cabinet,5,569,18.368264060951937,25-34,Male,2845,522.5771125340826
978,2024-08-06,South,Furniture,Table,14,857,24.193432281135415,25-34,Female,11998,2902.728005090627
979,2024-05-07,East,Clothing,Shirt,17,753,23.696718582355444,55-64,Male,12801,3033.41694572732
980,2024-06-19,West,Electronics,Laptop,20,846,14.936802465596273,18-24,Female,16920,2527.306977178889
981,2024-08-12,West,Furniture,Cabinet,3,314,22.925982755570722,55-64,Male,942,215.9627575574762
982,2024-10-24,West,Clothing,Jacket,14,275,13.591562196607086,55-64,Male,3850,523.2751445693727
983,2024-04-28,West,Furniture,Cabinet,13,735,28.91374722773797,25-34,Male,9555,2762.7085476103634
984,2024-09-04,East,Electronics,Tablet,16,441,29.847794437685728,18-24,Male,7056,2106.060375523105
985,2024-04-17,North,Furniture,Sofa,14,481,13.296782114023955,55-64,Female,6734,895.4053075583731
986,2024-04-13,North,Electronics,Smartwatch,13,371,24.919148743054542,18-24,Female,4823,1201.8505438775205
987,2024-08-15,East,Electronics,Smartphone,11,706,24.9735205567249,18-24,Male,7766,1939.4436064352558
988,2024-03-06,South,Electronics,Smartphone,16,860,15.582837736839432,45-54,Male,13760,2144.198472589106
989,2024-03-03,North,Electronics,Camera,4,567,24.828929661340936,25-34,Female,2268,563.1201247192124
990,2024-01-22,East,Clothing,T-Shirt,12,202,14.333448665501516,25-34,Female,2424,347.44279565175674
991,2024-01-20,West,Clothing,Jeans,13,726,16.166485018132132,18-24,Male,9438,1525.7928560113107
992,2024-02-01,West,Electronics,Smartphone,12,950,14.770806461570514,25-34,Male,11400,1683.8719366190385
993,2024-02-26,North,Furniture,Sofa,3,245,29.1749051037857,35-44,Male,735,214.4355525128249
994,2024-06-18,South,Clothing,Jeans,17,130,26.31248672710977,18-24,Female,2210,581.5059566691259
995,2024-02-12,South,Clothing,Jeans,14,143,14.648162754443286,55-64,Female,2002,293.2562183439546
996,2024-04-03,North,Furniture,Table,1,418,14.25535879414915,45-54,Female,418,59.587399759543445
997,2024-10-16,East,Clothing,Jacket,7,440,16.0306849729337,18-24,Male,3080,493.74509716635794
998,2024-12-13,South,Electronics,Camera,20,352,29.628317897151994,35-44,Male,7040,2085.8335799595
999,2024-10-19,East,Clothing,Jeans,16,89,16.702104362495064,25-34,Female,1424,237.83796612192972
1000,2024-02-10,South,Furniture,Cabinet,8,41,22.32697349174932,55-64,Male,328,73.23247305293778
